Group	AD	AD	AD	AD	AP	AP	AP	AP	AP	AP	CON	CON	CON	CON	CON	CON
Taxon	AD1	AD5	AD6	AD8	AP2	AP3	AP4	AP5	AP6	AP7	CON1	CON3	CON4	CON5	CON6	CON8
d__Bacteria|p__Firmicutes|c__Clostridia|o__Clostridia_UCG-014|f__Clostridia_UCG-014|g__Clostridia_UCG-014	0	0	0	0	0.002535421	0.001491424	0	0	0	0.000671141	0.001267711	0	0.001267711	0	0	0
d__Bacteria|p__Firmicutes|c__Clostridia|o__Lachnospirales|f__Lachnospiraceae|g__Lachnospiraceae_NK4A136_group	0	0	0.008277405	0	0	0.004101417	0.001565996	0.002237136	0.001640567	0.005741984	0.009694258	0.001715138	0	0.002609993	0	0.003131991
d__Bacteria|p__Bacteroidota|c__Bacteroidia|o__Bacteroidales|f__Muribaculaceae|g__Muribaculaceae|s__uncultured_bacterium	0	0	0	0	0	0	0	0.000745712	0	0	0	0	0	0	0	0
d__Bacteria|p__Firmicutes|c__Bacilli	0	0	0.013646532	0.019313945	0.003430276	0.002982849	0.003952274	0	0	0	0	0	0	0	0	0
d__Bacteria|p__Firmicutes|c__Clostridia|o__Oscillospirales|f__Ruminococcaceae	0.002609993	0.000447427	0	0	0	0	0	0	0	0.000447427	0	0	0.00059657	0	0	0
d__Bacteria|p__Firmicutes|c__Clostridia|o__Lachnospirales|f__Lachnospiraceae	0	0	0	0	0.000372856	0.000298285	0	0	0	0	0.000372856	0	0	0	0	0
d__Bacteria|p__Patescibacteria|c__Saccharimonadia|o__Saccharimonadales|f__Saccharimonadaceae|g__Candidatus_Saccharimonas|s__uncultured_bacterium	0	0	0	0	0.001267711	0.001491424	0.001043997	0	0	0	0	0	0	0.000149142	0	7.46E-05
d__Bacteria|p__Campilobacterota|c__Campylobacteria|o__Campylobacterales|f__Helicobacteraceae|g__Helicobacter	0	0	0	0	0	0	0	0	0	0	0.000149142	0	0	0	0	0
d__Bacteria|p__Firmicutes|c__Clostridia|o__Clostridia_vadinBB60_group|f__Clostridia_vadinBB60_group|g__Clostridia_vadinBB60_group|s__uncultured_bacterium	0	0	0	0	0	0	0	0	0	0.000447427	0	0	0	0	0	0
d__Bacteria|p__Firmicutes|c__Clostridia|o__Lachnospirales|f__Lachnospiraceae	0	0	0	0	0	0	0	0	0	0	0	0	0.001491424	0	0	0
d__Bacteria|p__Firmicutes|c__Clostridia|o__Oscillospirales|f__Ruminococcaceae|g__uncultured|s__uncultured_bacterium	0	0	0	0	0	0	0	0	0	0	0	0	0.002013423	0	0	0
d__Bacteria|p__Firmicutes|c__Clostridia|o__Lachnospirales|f__Lachnospiraceae	0	0	0.001715138	0	0	0	0	0	0	0	0	0	0	0	0	0
d__Bacteria|p__Firmicutes|c__Clostridia|o__Oscillospirales|f__Oscillospiraceae|g__uncultured	0	0	0	0	0	0	0	0	0	0	0	0	0.000447427	0	0	0
d__Bacteria|p__Firmicutes|c__Bacilli|o__Lactobacillales|f__Lactobacillaceae|g__Lactobacillus	0	0	0	0.00059657	0	0	0	0	0	0	0	0	0	0	0	0
d__Bacteria|p__Firmicutes|c__Clostridia|o__Lachnospirales|f__Lachnospiraceae	0	0	0.001565996	0	0	0	0	0	0	0	0	0	0.001118568	0	0	0.001342282
d__Bacteria|p__Firmicutes|c__Clostridia|o__Clostridia_UCG-014|f__Clostridia_UCG-014|g__Clostridia_UCG-014	0	0	0	0	0	0	0	0.001193139	0	0	0	0	0	0	0	0
d__Bacteria|p__Firmicutes|c__Clostridia|o__Oscillospirales|f__Ruminococcaceae|g__Incertae_Sedis|s__uncultured_organism	0	0	0	0	0.008277405	0.017524236	0	0	0	0	0	0	0	0	0	0
d__Bacteria|p__Firmicutes|c__Clostridia|o__Lachnospirales|f__Lachnospiraceae	0.001043997	0	0	0	0	0	0	0	0	0	0	0	0	0	0	0
d__Bacteria|p__Bacteroidota|c__Bacteroidia|o__Bacteroidales|f__Rikenellaceae|g__Alistipes|s__uncultured_bacterium	0.017747949	0	0	0	0.00186428	0	0.002759135	0	0.00059657	0.007531693	0.002535421	0.007009694	0.00432513	0.002162565	0.000820283	0.001491424
d__Bacteria|p__Cyanobacteria|c__Vampirivibrionia|o__Gastranaerophilales|f__Gastranaerophilales|g__Gastranaerophilales	0	0	0	0	0	0	0.000521999	0.00059657	0	0.001491424	0.00059657	0.000671141	0.001565996	0	0.00059657	0
d__Bacteria|p__Firmicutes|c__Clostridia|o__Oscillospirales|f__Oscillospiraceae|g__Colidextribacter	0	0	0	0	0	0	0	0	0	0	0.003281133	0	0	0	0	0
d__Bacteria|p__Firmicutes|c__Clostridia|o__Lachnospirales|f__Lachnospiraceae	0	0	0	0	0	0	0	0	0	0	0	0	0.001640567	0	0	0
d__Bacteria|p__Firmicutes|c__Clostridia|o__Clostridia_UCG-014|f__Clostridia_UCG-014|g__Clostridia_UCG-014|s__unidentified	0	0	0	0	0	0	0	0	0	0.005741984	0	0	0	0	0	0
d__Bacteria|p__Firmicutes|c__Clostridia|o__Lachnospirales|f__Lachnospiraceae|g__Roseburia	0	0	0.001789709	0	0	0	0	0	0	0.008426547	0.01163311	0	0	0.001043997	0	0
d__Bacteria|p__Firmicutes|c__Clostridia|o__Oscillospirales|f__Butyricicoccaceae|g__Butyricicoccus|s__uncultured_bacterium	0	0	0	0	0	0.000745712	0	0	0	0	0	0	0	0	0	0
d__Bacteria|p__Firmicutes|c__Clostridia|o__Lachnospirales|f__Lachnospiraceae	0	0	0	0	0	0	0	0	0	0.009395973	0	0	0	0	0	0.003504847
d__Bacteria|p__Firmicutes|c__Clostridia|o__Clostridia_vadinBB60_group|f__Clostridia_vadinBB60_group|g__Clostridia_vadinBB60_group|s__unidentified	0	0	0	0	0	0	0.000894855	0	0	0	0	0	0	0	0	0
d__Bacteria|p__Firmicutes|c__Clostridia|o__Oscillospirales|f__Oscillospiraceae|g__uncultured	0	0	0	0	0	0.000298285	0	0	0	0	0	0	0	0	0	0
d__Bacteria|p__Firmicutes|c__Clostridia|o__Lachnospirales|f__Lachnospiraceae	0	0	0	0	0	0	0.000149142	0	0	0	0	0	0	0	0	0
d__Bacteria|p__Firmicutes|c__Clostridia|o__Oscillospirales|f__UCG-010|g__UCG-010	0	0	0	0	0	0	0	0	0	0.000149142	0	0	0	0	0	0
d__Bacteria|p__Firmicutes|c__Bacilli|o__Lactobacillales|f__Lactobacillaceae|g__Lactobacillus	0	0	0	0	0	0	0.002833706	0	0	0	0	0	0	0	0	0
d__Bacteria|p__Firmicutes|c__Clostridia|o__Clostridia_vadinBB60_group|f__Clostridia_vadinBB60_group|g__Clostridia_vadinBB60_group|s__uncultured_bacterium	0	0	0	0	0	0	0	0	0	0	0	0.001342282	0	0	0	0
d__Bacteria|p__Firmicutes|c__Clostridia|o__Clostridia_vadinBB60_group|f__Clostridia_vadinBB60_group|g__Clostridia_vadinBB60_group|s__uncultured_bacterium	0	0	0	0	0	0	0	0.000223714	0	0	0	0	0	0	0	0
d__Bacteria|p__Firmicutes|c__Clostridia|o__Lachnospirales|f__Lachnospiraceae	0.001416853	0	0	0	0	0	0	0	0	0	0	0	0	0	0	0
d__Bacteria|p__Firmicutes|c__Clostridia|o__Oscillospirales|f__Butyricicoccaceae|g__UCG-009|s__uncultured_organism	0	0	0	0	0	0	0	0	0	0	0	0	0	0.000372856	0	0
d__Bacteria|p__Firmicutes|c__Clostridia|o__Lachnospirales|f__Lachnospiraceae|g__[Eubacterium]_xylanophilum_group|s__uncultured_bacterium	0	0	0	0	0	0.002311708	0.001267711	0	0	0.000894855	0	0	0	0	0	0
d__Bacteria|p__Firmicutes|c__Clostridia|o__Lachnospirales|f__Lachnospiraceae	0	0	0	0	0	0	0.00059657	0	0	0	0	0	0	0	0	0
d__Bacteria|p__Proteobacteria|c__Gammaproteobacteria|o__Burkholderiales|f__Sutterellaceae|g__Parasutterella	0.001565996	0.001565996	0.001565996	0.000969426	0.001043997	0.000671141	0	0	0	0.000745712	0	0.000372856	0	0.000521999	0	0
d__Bacteria|p__Firmicutes|c__Clostridia|o__Lachnospirales|f__Lachnospiraceae|g__Lachnospiraceae_UCG-006|s__uncultured_bacterium	0.005891126	0.002535421	0.000745712	0.00059657	0	0	0	0	0	0.003206562	0.003952274	0.000372856	0	0.000521999	0	0
d__Bacteria|p__Firmicutes|c__Clostridia|o__Oscillospirales|f__Oscillospiraceae	0	0	0.00059657	0	0	0.001267711	0	0.001342282	0	0	0	0	0.001640567	0	0	0
d__Bacteria|p__Firmicutes|c__Clostridia|o__Lachnospirales|f__Lachnospiraceae	0	0	0	0	0	0	0	0	0	0	0	0	0	0.000298285	0	0
d__Bacteria|p__Firmicutes|c__Clostridia|o__Oscillospirales|f__Oscillospiraceae|g__Colidextribacter	0	0	0	0	0	0	0	0	0	0	0	0	0.001715138	0	0	0
d__Bacteria|p__Firmicutes|c__Clostridia|o__Lachnospirales|f__Lachnospiraceae	0	0	0	0	0	0	0.00059657	0	0	0	0.000745712	0	0.000298285	0	0	0
d__Bacteria|p__Firmicutes|c__Bacilli|o__Lactobacillales|f__Lactobacillaceae|g__Lactobacillus	0	0	0	0	0	0	0	0	0	0	0	0.003430276	0	0	0	0
d__Bacteria|p__Firmicutes|c__Clostridia|o__Lachnospirales|f__Lachnospiraceae|g__Lachnospiraceae_NK4A136_group	0	0	0.004101417	0	0	0	0	0	0	0	0	0	0	0	0	0
d__Bacteria|p__Firmicutes|c__Bacilli|o__RF39|f__RF39|g__RF39|s__unidentified	0	0	0	0	0	0	0	0	0	0.000671141	0	0	0	0	0	0
d__Bacteria|p__Bacteroidota|c__Bacteroidia|o__Bacteroidales|f__Muribaculaceae|g__Muribaculaceae	0.002609993	0	0	0	0	0	0	0	0	0	0	0	0	0	0	0
d__Bacteria|p__Firmicutes|c__Clostridia|o__Lachnospirales|f__Lachnospiraceae	0.021700224	0	0.000671141	0	0	0	0	0	0	0	0.00738255	0.000372856	0.000745712	0	0	0
d__Bacteria|p__Firmicutes|c__Clostridia|o__Lachnospirales|f__Lachnospiraceae|g__Marvinbryantia|s__uncultured_bacterium	0	0	0	0	0	0.001640567	0	0.003728561	0	0.002386279	0.000372856	0	0	0	0.001267711	0.00186428
d__Bacteria|p__Bacteroidota|c__Bacteroidia|o__Bacteroidales|f__Muribaculaceae|g__Muribaculaceae|s__uncultured_bacterium	0	0	0	0	0	0.000447427	0	0	0	0.000820283	0	0.000298285	0.002013423	0.001193139	0	0.000671141
d__Bacteria|p__Firmicutes|c__Clostridia|o__Lachnospirales|f__Lachnospiraceae	0	0.001416853	0	0	0	0	0	0	0	0	0	0	0	0	0	0
d__Bacteria|p__Firmicutes|c__Clostridia|o__Oscillospirales|f__Ruminococcaceae	0	0	0	0	0	0	0	0	0	0	0	0	0.000298285	0	0	0
d__Bacteria|p__Firmicutes|c__Clostridia|o__Lachnospirales|f__Lachnospiraceae|g__Lachnospiraceae_NK4A136_group|s__Clostridiales_bacterium	0	0	0	0	0	0	0	0	0	0	0	0	0	0.001640567	0	0
d__Bacteria|p__Firmicutes|c__Clostridia|o__Oscillospirales|f__Ruminococcaceae|g__uncultured|s__[Clostridium]_leptum	0	0	0	0	0	0.000745712	0	0	0	0.001193139	0.000894855	0	0	0.000447427	0	0
d__Bacteria|p__Firmicutes|c__Clostridia|o__Oscillospirales|f__UCG-010|g__UCG-010|s__uncultured_organism	0	0	0	0.000372856	0	0	0	0.000372856	0	0	0	0	0.000149142	0	0	0
d__Bacteria|p__Firmicutes|c__Clostridia|o__Clostridia_vadinBB60_group|f__Clostridia_vadinBB60_group|g__Clostridia_vadinBB60_group|s__uncultured_bacterium	0	0	0	0	0	0.000223714	0	0	0	0	0	0	0	0	0	0
d__Bacteria|p__Bacteroidota|c__Bacteroidia|o__Bacteroidales|f__Muribaculaceae|g__Muribaculaceae|s__uncultured_bacterium	0	0.008799403	0.031394482	0.016405667	0.015510813	0.015734526	0.00917226	0.007606264	0.010589113	0.01841909	0.008724832	0.015585384	0.007829978	0.006487696	0.010141685	0.005816555
d__Bacteria|p__Firmicutes|c__Clostridia|o__Lachnospirales|f__Lachnospiraceae	0	0	0	0	0	0	0	0	0	0.001193139	0	0	0	0.000671141	0	0
d__Bacteria|p__Firmicutes|c__Clostridia|o__Lachnospirales|f__Lachnospiraceae	0	0	0	0	0	0	0	0	0	0	0.001043997	0	0	0	0	0
d__Bacteria|p__Firmicutes|c__Clostridia|o__Clostridia_vadinBB60_group|f__Clostridia_vadinBB60_group|g__Clostridia_vadinBB60_group|s__unidentified	0	0	0	0.000521999	0	0	0	0	0	0	0	0	0	0	0	0
d__Bacteria|p__Firmicutes|c__Clostridia|o__Clostridia_UCG-014|f__Clostridia_UCG-014|g__Clostridia_UCG-014	0	0	0	0	0	0	0	0.004623415	0	0	0	0	0	0	0	0
d__Bacteria|p__Firmicutes|c__Clostridia|o__Lachnospirales|f__Lachnospiraceae	0.006189411	0.001193139	0	0.000894855	0	0	0	0	0	0.001043997	0.000894855	0	0.001118568	0.000820283	0	0.000521999
d__Bacteria|p__Firmicutes|c__Clostridia|o__Lachnospirales|f__Lachnospiraceae	0.00059657	0	0	0	0.000447427	0	0	0	0	0	0	0	0	0	0	0
d__Bacteria|p__Firmicutes|c__Clostridia|o__Clostridia_UCG-014|f__Clostridia_UCG-014|g__Clostridia_UCG-014	0	0	0	0.000372856	0.001043997	0	0	0	0	0.000671141	0	0.000745712	0	0.001565996	0.000521999	0
d__Bacteria|p__Firmicutes|c__Clostridia|o__Oscillospirales|f__Ruminococcaceae	0.005294556	0	0	0	0	0.00059657	0	0	0	0	0	0	0	0	0	0
d__Bacteria|p__Firmicutes|c__Clostridia|o__Lachnospirales|f__Lachnospiraceae|g__Lachnospiraceae_NK4A136_group	0	0	0.00246085	0	0	0	0.005219985	0	0	0	0	0	0	0	0	0
d__Bacteria|p__Bacteroidota|c__Bacteroidia|o__Bacteroidales|f__Muribaculaceae|g__Muribaculaceae	0	0	0	0	0	0	0	0	0	0	0	0	0	0.00059657	0	0
d__Bacteria|p__Firmicutes|c__Clostridia|o__Oscillospirales|f__Oscillospiraceae|g__uncultured|s__uncultured_bacterium	0	0	0	0	0	0	0	0.001565996	0	0	0	0	0	0	0	0
d__Bacteria|p__Firmicutes|c__Clostridia|o__Lachnospirales|f__Lachnospiraceae|g__Lachnospiraceae_NK4A136_group	0	0	0	0	0.00246085	0	0	0	0	0	0	0	0	0	0	0
d__Bacteria|p__Firmicutes|c__Clostridia|o__Peptococcales|f__Peptococcaceae|g__uncultured|s__uncultured_bacterium	0.000223714	0	0	0	0.000223714	0	0	0	0	0	0	0	0	0	0	0
d__Bacteria|p__Firmicutes|c__Clostridia|o__Lachnospirales|f__Lachnospiraceae|g__uncultured	0	0	0	0	0	0	0.000745712	0	0	0	0	0	0	0	0	0
d__Bacteria|p__Bacteroidota|c__Bacteroidia|o__Bacteroidales|f__Muribaculaceae|g__Muribaculaceae|s__uncultured_bacterium	0	0	0.000223714	0	0	0	0	0	0	0	0	0	0	0	0	0
d__Bacteria|p__Firmicutes|c__Clostridia|o__Oscillospirales|f__Ruminococcaceae|g__Negativibacillus|s__unidentified	0.002833706	0	0	0	0	0	0	0.000298285	0	0.000671141	0.000447427	0	0	0	0	0
d__Bacteria|p__Firmicutes|c__Clostridia|o__Lachnospirales|f__Lachnospiraceae|g__Lachnospiraceae_NK4A136_group	0	0	0	0	0	0	0.00186428	0	0	0	0.010365399	0.000894855	0.000820283	0.005965697	0	0.001342282
d__Bacteria|p__Firmicutes|c__Clostridia|o__Lachnospirales|f__Lachnospiraceae|g__Lachnospiraceae_NK4A136_group|s__Lachnospiraceae_bacterium	0	0	0	0	0	0	0.003281133	0	0	0	0	0	0	0	0	0
d__Bacteria|p__Bacteroidota|c__Bacteroidia|o__Bacteroidales|f__Bacteroidaceae|g__Bacteroides|s__uncultured_bacterium	0	0	0	0	0	0	0	0	0	0	0.001491424	0	0	0	0	0
d__Bacteria|p__Firmicutes|c__Clostridia|o__Lachnospirales|f__Lachnospiraceae|g__[Eubacterium]_xylanophilum_group|s__uncultured_bacterium	0	0	0	0	0	0	0	0	0	0	0	0.001342282	0	0	0.00246085	0
d__Bacteria|p__Firmicutes|c__Bacilli|o__Lactobacillales|f__Lactobacillaceae|g__Lactobacillus	0	0	0	0	0	0.000298285	0	0	0	0	0	0	0	0	0	0
d__Bacteria|p__Firmicutes|c__Clostridia|o__Clostridia_UCG-014|f__Clostridia_UCG-014|g__Clostridia_UCG-014	0	0	0	0.000820283	0	0.000298285	0.000820283	0	0	0	0	0	0	0.001193139	0	0
d__Bacteria|p__Firmicutes|c__Clostridia|o__Lachnospirales|f__Lachnospiraceae|g__Lachnospiraceae_NK4A136_group	0	0	0	0	0	0	0	0	0	0	0.008873975	0	0	0	0	0
d__Bacteria|p__Firmicutes|c__Clostridia|o__Oscillospirales|f__Oscillospiraceae|g__Colidextribacter	0	0	0	0	0	0	0	0	0.000671141	0	0	0	0	0	0	0
d__Bacteria|p__Firmicutes|c__Clostridia|o__Clostridia_UCG-014|f__Clostridia_UCG-014|g__Clostridia_UCG-014	0	0	0	0	0	0	0	0	0	0	0	0	0	0.000372856	0	0
d__Bacteria|p__Firmicutes|c__Clostridia|o__Lachnospirales|f__Lachnospiraceae	0.01043997	0	0.001640567	0	0	0	0	0	0	0.004026846	0	0	0	0	0	0
d__Bacteria|p__Bacteroidota|c__Bacteroidia|o__Bacteroidales|f__Muribaculaceae|g__Muribaculaceae	0	0	0	0	0	0	0	0	0	0	0	0	0	0	0.000671141	0
d__Bacteria|p__Firmicutes|c__Clostridia|o__Clostridia_UCG-014|f__Clostridia_UCG-014|g__Clostridia_UCG-014	0	0	0	0	0	0	0.003355705	0	0	0	0	0	0	0	0	0
d__Bacteria|p__Firmicutes|c__Bacilli|o__Erysipelotrichales|f__Erysipelotrichaceae|g__Erysipelotrichaceae|s__uncultured_bacterium	0.000671141	0	0	0	0	0	0	0	0	0	0	0	0	0	0	0
d__Bacteria|p__Actinobacteriota|c__Actinobacteria|o__Bifidobacteriales|f__Bifidobacteriaceae|g__Bifidobacterium	0	0	0	0	0	0	0	0	0	0	0	0	0	0.003355705	0	0
d__Bacteria|p__Firmicutes|c__Clostridia|o__Lachnospirales|f__Lachnospiraceae	0	0	0	0	0	0	0	0	0	0	0.001640567	0	0	0	0	0
d__Bacteria|p__Firmicutes|c__Bacilli|o__Bacillales|f__Bacillaceae|g__Bacillus|s__Lactobacillus_vaginalis	0	0	0	0	0	0	0	0	0	0	0	0	0.000372856	0	0	0
d__Bacteria|p__Firmicutes|c__Clostridia|o__Oscillospirales|f__Oscillospiraceae|g__Oscillibacter|s__uncultured_bacterium	0.001715138	0	0	0	0	0	0.001118568	0	0	0	0.002833706	0	0	0	0	0
d__Bacteria|p__Firmicutes|c__Clostridia|o__Peptostreptococcales-Tissierellales|f__Anaerovoracaceae|g__[Eubacterium]_nodatum_group	0	0	0	0	0	0	0	0	0	0	0	0	0	0.000298285	0	0
d__Bacteria|p__Firmicutes|c__Clostridia|o__Lachnospirales|f__Lachnospiraceae	0.000671141	0	0	0	0	0	0	0	0	0	0	0	0	0	0	0
d__Bacteria|p__Firmicutes|c__Bacilli	0.02266965	0.051379567	0.010290828	0.023489933	0.042281879	0.025279642	0.029903057	0.035421327	0.03557047	0.015137957	0	0	0.014317673	0.025205071	0.019313945	0.004399702
d__Bacteria|p__Firmicutes|c__Clostridia|o__Clostridia_vadinBB60_group|f__Clostridia_vadinBB60_group|g__Clostridia_vadinBB60_group|s__uncultured_bacterium	0	0	0	0	7.46E-05	0	0	0	0	0	0	0	0	0	0	0
d__Bacteria|p__Firmicutes|c__Clostridia|o__Clostridia_UCG-014|f__Clostridia_UCG-014|g__Clostridia_UCG-014	0	0	0	0	0	0	0	0	0	0	0	0	0.001416853	0	0	0
d__Bacteria|p__Firmicutes|c__Clostridia|o__Oscillospirales|f__Oscillospiraceae|g__Oscillibacter|s__uncultured_bacterium	0.001193139	0	0	0	0	0	0	0	0	0	0	0	0	0	0	0
d__Bacteria|p__Firmicutes|c__Clostridia|o__Oscillospirales|f__[Eubacterium]_coprostanoligenes_group|g__[Eubacterium]_coprostanoligenes_group	0	0	0.000969426	0.001193139	0.00059657	0.001715138	0	0	0	0	0	0.000671141	0	0.000372856	0	0.000447427
d__Bacteria|p__Proteobacteria|c__Gammaproteobacteria|o__Enterobacterales|f__Morganellaceae|g__Proteus	0	0	0	0.001118568	0	0	0	0	0	0	0	0	0	0	0	0
d__Bacteria|p__Firmicutes|c__Clostridia|o__Lachnospirales|f__Lachnospiraceae	0	0	0	0	0	0	0	0	0	0	0	0	0	0	0	0.000149142
d__Bacteria|p__Firmicutes|c__Clostridia|o__Lachnospirales|f__Lachnospiraceae|g__[Eubacterium]_xylanophilum_group|s__uncultured_bacterium	0	0	0	0	0	0	0	0	0	0	0	0	0	0.002386279	0	0
d__Bacteria|p__Bacteroidota|c__Bacteroidia|o__Bacteroidales|f__Muribaculaceae|g__Muribaculaceae|s__uncultured_Bacteroidales	0	0.000298285	0	0	0.00059657	0.002311708	0.001640567	0	0.000447427	0.000820283	0	0.001043997	0	0	0	0
d__Bacteria|p__Firmicutes|c__Clostridia|o__Lachnospirales|f__Lachnospiraceae|g__Blautia|s__Lachnospiraceae_bacterium	0.002311708	0	0	0	0.000298285	0	0	0	0	0	0	0	0	0	0	0
d__Bacteria|p__Firmicutes|c__Bacilli|o__RF39|f__RF39|g__RF39|s__uncultured_bacterium	0	0	0	0	0.000223714	0	0	0	0	0	0	0	0	0	0	0
d__Bacteria|p__Firmicutes|c__Bacilli|o__Lactobacillales|f__Lactobacillaceae|g__Lactobacillus	0	0	0	0	0	0	0	0	0	0	0	0	0	0	0.000298285	0
d__Bacteria|p__Firmicutes|c__Clostridia|o__Clostridia_UCG-014|f__Clostridia_UCG-014|g__Clostridia_UCG-014	0	0	0	0	0	0	0	0	0	0	0	0	0	0	0.002759135	0
d__Bacteria|p__Firmicutes|c__Clostridia|o__Lachnospirales|f__Lachnospiraceae	0	0.003131991	0	0	0	0	0.001118568	0	0	0.002535421	0.0049217	0	0.006040268	0.001267711	0	0.00059657
d__Bacteria|p__Firmicutes|c__Clostridia|o__Clostridia_UCG-014|f__Clostridia_UCG-014|g__Clostridia_UCG-014|s__unidentified	0	0	0	0	0.000372856	0	0	0	0	0	0	0.001640567	0	0.001118568	0	0.004847129
d__Bacteria|p__Firmicutes|c__Bacilli|o__Acholeplasmatales|f__Acholeplasmataceae|g__Anaeroplasma|s__uncultured_bacterium	0	0	0	0	0	0	0	0.001043997	0	7.46E-05	0.000894855	0.000372856	0	0.000820283	0.000149142	7.46E-05
d__Bacteria|p__Firmicutes|c__Clostridia|o__Lachnospirales|f__Lachnospiraceae|g__GCA-900066575|s__uncultured_bacterium	0.002386279	0	0	0	0	0	0	0	0	0	0	0	0	0	0	0
d__Bacteria|p__Bacteroidota|c__Bacteroidia|o__Bacteroidales|f__Muribaculaceae|g__Muribaculaceae	0	0.001491424	0	0	0	0.004697987	0.002311708	0	0	0	0	0.002684564	0	0	0.000969426	0.001118568
d__Bacteria|p__Firmicutes|c__Clostridia|o__Lachnospirales|f__Lachnospiraceae	0	0	0	0	0	0	0	0	0	0	0	0	0.000149142	0	0	0
d__Bacteria|p__Firmicutes|c__Bacilli|o__Lactobacillales|f__Lactobacillaceae|g__Lactobacillus	0	0	0	0	0	7.46E-05	0	0	0	0	0	0	0	0	0	0
d__Bacteria|p__Firmicutes|c__Clostridia|o__Lachnospirales|f__Lachnospiraceae|g__A2|s__uncultured_bacterium	0.003952274	0	0	0.000372856	0	0.001565996	0	0	0	0	0	0	0	0	0	0.000969426
d__Bacteria|p__Firmicutes|c__Bacilli|o__Erysipelotrichales|f__Erysipelotrichaceae|g__uncultured|s__unidentified	0	0.001267711	0	0	0	0	0	0	0	0	0	0	0	0	0	0
d__Bacteria|p__Firmicutes|c__Clostridia|o__Lachnospirales|f__Lachnospiraceae|g__Lachnoclostridium	0.002609993	0	0.001043997	0	0	0.001043997	0.000223714	0	0	0	0.002386279	0	0	0	0	0
d__Bacteria|p__Bacteroidota|c__Bacteroidia|o__Bacteroidales|f__Muribaculaceae|g__Muribaculaceae|s__uncultured_bacterium	0.001043997	0	0	0	0	0	0	0	0	0	0	0	0	0	0	0
d__Bacteria|p__Firmicutes|c__Clostridia|o__Lachnospirales|f__Lachnospiraceae	0	0	0	0	0	0	0.000969426	0	0	0	0	0	0	0	0	0
d__Bacteria|p__Firmicutes|c__Clostridia|o__Clostridia_UCG-014|f__Clostridia_UCG-014|g__Clostridia_UCG-014	0	0	0	0	0	0	0	0	0	0	0	0	0	0.004399702	0	0
d__Bacteria|p__Firmicutes|c__Clostridia|o__Lachnospirales|f__Lachnospiraceae|g__ASF356|s__uncultured_bacterium	0	0.00059657	0	0	0	0.002013423	0.003504847	0.001342282	0	0.002609993	0.002908277	0.000447427	0	0	0	0
d__Bacteria|p__Firmicutes|c__Bacilli|o__Lactobacillales|f__Lactobacillaceae|g__Lactobacillus	0	0	0	0	0	0	0	0	0	0	0	0	0.000298285	0	0	0
d__Bacteria|p__Firmicutes|c__Clostridia|o__Lachnospirales|f__Lachnospiraceae	0.021103654	0	0.003803132	0.001640567	0.005294556	0	0.004101417	0	0	0	0.01536167	0.001789709	0.013049963	0	0	0
d__Bacteria|p__Bacteroidota|c__Bacteroidia|o__Bacteroidales|f__Rikenellaceae|g__Rikenellaceae_RC9_gut_group	0	0	0	0	0.000223714	0	0	0	0	0	0	0	0	0	0	0
d__Bacteria|p__Firmicutes|c__Clostridia|o__Oscillospirales|f__Butyricicoccaceae|g__Butyricicoccus|s__uncultured_bacterium	0.002087994	0.000223714	0	0	0	0	0.001565996	0	0	0	0	0	0	0	0	0
d__Bacteria|p__Bacteroidota|c__Bacteroidia|o__Bacteroidales|f__Muribaculaceae|g__Muribaculaceae|s__uncultured_bacterium	0	0	0	7.46E-05	0	0	0	0	0	0	0	0	0	0.000149142	0	0
d__Bacteria|p__Firmicutes|c__Clostridia|o__Oscillospirales|f__Ruminococcaceae|g__[Eubacterium]_siraeum_group|s__uncultured_bacterium	0	0	0	0	0	0	0	0	0	0	0	0.000223714	0	0.000820283	0	0
d__Bacteria|p__Firmicutes|c__Clostridia|o__Clostridia_UCG-014|f__Clostridia_UCG-014|g__Clostridia_UCG-014|s__uncultured_bacterium	0	0	0	0	0	0	0	0	0	0	0	0	0.000969426	0	0	0
d__Bacteria|p__Firmicutes|c__Clostridia|o__Lachnospirales|f__Lachnospiraceae	0	0	0	0	0	0	0	0	0	0	0	0	0.001267711	0	0	0
d__Bacteria|p__Firmicutes|c__Clostridia|o__Lachnospirales|f__Lachnospiraceae	0	0	0	0	0	0	0.000969426	0	0	0	0	0	0	0	0	0
d__Bacteria|p__Firmicutes|c__Clostridia|o__Clostridia_UCG-014|f__Clostridia_UCG-014|g__Clostridia_UCG-014|s__uncultured_bacterium	0	0	0	0	0	0	0	0	0.000894855	0	0	0	0	0	0	0
d__Bacteria|p__Firmicutes|c__Clostridia|o__Lachnospirales|f__Lachnospiraceae	0	0	0	0	0	0.000149142	0	0	0	0	0.000372856	0	0	0	0	0
d__Bacteria|p__Firmicutes|c__Clostridia|o__Lachnospirales|f__Lachnospiraceae	0	0	0.001193139	0	0	0	0	0	0	0.001715138	0.001416853	0.000223714	0.001715138	0	0	0
d__Bacteria|p__Bacteroidota|c__Bacteroidia|o__Bacteroidales|f__Muribaculaceae|g__Muribaculaceae	0	0.001043997	0.002759135	0	0	0	0	0	0	0	0	0	0	0	0	0
d__Bacteria|p__Bacteroidota|c__Bacteroidia|o__Bacteroidales|f__Muribaculaceae|g__Muribaculaceae|s__uncultured_bacterium	0.009917972	0.001193139	0.001565996	0	0	0	0.001491424	0	0	0	0	0.001416853	0	0	0	0
d__Bacteria|p__Firmicutes|c__Clostridia|o__Lachnospirales|f__Lachnospiraceae	0	0	0	0	0	0.001118568	0.001043997	0	0	0	0.003877703	0	0	0	0	0.000745712
d__Bacteria|p__Firmicutes|c__Clostridia|o__Lachnospirales|f__Lachnospiraceae	0.007904549	0.002609993	0.004250559	0	0.002087994	0.003281133	0.002087994	0.002982849	0	0.006860552	0.003281133	0.000149142	0.003728561	0	0	0.001267711
d__Bacteria|p__Bacteroidota|c__Bacteroidia|o__Bacteroidales|f__Muribaculaceae|g__Muribaculaceae|s__uncultured_bacterium	0.004772558	0	0	0	0	0	0	0	0	0	0	0.000447427	0	0	0	0
d__Bacteria|p__Firmicutes|c__Clostridia|o__Clostridia_UCG-014|f__Clostridia_UCG-014|g__Clostridia_UCG-014	0	0	0	0	0	0	0	0	0	0	0.003504847	0.001491424	0	0	0	0
d__Bacteria|p__Firmicutes|c__Bacilli|o__Lactobacillales|f__Lactobacillaceae|g__Lactobacillus	0	0	0	0	0	0	0	0	0	0	0	0	0.001640567	0	0	0
d__Bacteria|p__Bacteroidota|c__Bacteroidia|o__Bacteroidales|f__Muribaculaceae|g__Muribaculaceae|s__uncultured_bacterium	0	0.005219985	0.002759135	0.00186428	0.002759135	0.004399702	0.000969426	0.002386279	0.00059657	0.003355705	0.003579418	0.004474273	0.00432513	0.001789709	0.005667412	0.001342282
d__Bacteria|p__Firmicutes|c__Clostridia|o__Lachnospirales|f__Lachnospiraceae|g__Roseburia|s__uncultured_Clostridiales	0	0	0	0	0	0	0	0	0	0.000969426	0.002087994	0	0	0	0	0
d__Bacteria|p__Firmicutes|c__Clostridia|o__Lachnospirales|f__Lachnospiraceae|g__Lachnospiraceae_NK4A136_group	0	0	0	0	0	0	0	0	0	0	0.00246085	0	0	0	0	0
d__Bacteria|p__Firmicutes|c__Clostridia|o__Clostridia_UCG-014|f__Clostridia_UCG-014|g__Clostridia_UCG-014	0	0	0	0	0	0	0	0	0	0	0	0	0.000149142	0	0	0
d__Bacteria|p__Firmicutes|c__Clostridia|o__Lachnospirales|f__Lachnospiraceae	0	0	0	0	0	0	0	0.000969426	0	0	0	0	0	0	0	0
d__Bacteria|p__Bacteroidota|c__Bacteroidia|o__Bacteroidales|f__Muribaculaceae|g__Muribaculaceae|s__uncultured_bacterium	0	0.001938852	0.00365399	0.00305742	0.002982849	0.003803132	0.004474273	0.005369128	0.006263982	0.004026846	0	0.002311708	0.002609993	0.001342282	0.002908277	0.000671141
d__Bacteria|p__Bacteroidota|c__Bacteroidia|o__Bacteroidales|f__Bacteroidaceae|g__Bacteroides	0	0.000372856	0	0	0	0	0	0	0	0	0	0	0	0	0	0
d__Bacteria|p__Bacteroidota|c__Bacteroidia|o__Bacteroidales|f__Muribaculaceae|g__Muribaculaceae|s__uncultured_bacterium	0	0	0	0.001043997	0	0	0.000671141	0	0.000447427	0.001043997	0	0.00059657	0	0	0	0.000372856
d__Bacteria|p__Firmicutes|c__Clostridia|o__Oscillospirales|f__Ruminococcaceae|g__Ruminococcus	0	0	0	0	0	0	0	0	0.001342282	0	0	0.000521999	0	0.001938852	0.001565996	0
d__Bacteria|p__Firmicutes|c__Clostridia|o__Lachnospirales|f__Lachnospiraceae	0	0	0	0	0	0	0.001118568	0	0	0	0	0	0	0	0	0
d__Bacteria|p__Bacteroidota|c__Bacteroidia|o__Bacteroidales|f__Muribaculaceae|g__Muribaculaceae	0.002087994	0	0	0	0	0	0	0	0	0	0	0	0	0	0	0
d__Bacteria|p__Firmicutes|c__Clostridia|o__Lachnospirales|f__Lachnospiraceae|g__Lachnospiraceae_NK4A136_group	0	0	0	0	0.000447427	0	0	0	0	0	0	0	0	0	0	0
d__Bacteria|p__Firmicutes|c__Clostridia|o__Lachnospirales|f__Lachnospiraceae|g__Lachnospiraceae_NK4A136_group|s__Clostridiales_bacterium	0	0	0.002535421	0	0	0	0	0	0	0.005816555	0	0	0.002311708	0	0	0
d__Bacteria|p__Firmicutes|c__Clostridia|o__Clostridia_UCG-014|f__Clostridia_UCG-014|g__Clostridia_UCG-014	0	0	0	0	0	0	0	0	0	0	0	0	0.000372856	0	0	0
d__Bacteria|p__Firmicutes|c__Clostridia|o__Oscillospirales|f__Oscillospiraceae	0.001640567	0	0	0	0	0	0	0	0	0	0	0	0	0	0	0
d__Bacteria|p__Firmicutes|c__Clostridia|o__Lachnospirales|f__Lachnospiraceae	0	0	0.001789709	0	0	0	0.000745712	0	0	0	0	0	0.003803132	0	0	0
d__Bacteria|p__Firmicutes|c__Clostridia|o__Clostridia_UCG-014|f__Clostridia_UCG-014|g__Clostridia_UCG-014	0	0.000969426	0	0.00186428	0	0	0	0	0.003952274	0	0	0	0	0	0	0
d__Bacteria|p__Firmicutes|c__Clostridia|o__Clostridia_UCG-014|f__Clostridia_UCG-014|g__Clostridia_UCG-014	0	0	0	0	0	0	0	0	0	0	0	0	0	0.000969426	0	0
d__Bacteria|p__Bacteroidota|c__Bacteroidia|o__Bacteroidales|f__Muribaculaceae|g__Muribaculaceae|s__uncultured_bacterium	0	0	0	0	0	0	0	0	0	0	0	0.000298285	0	0	0	0
d__Bacteria|p__Firmicutes|c__Clostridia|o__Clostridia_UCG-014|f__Clostridia_UCG-014|g__Clostridia_UCG-014	0	0	0	0	0	0	0	0	0	0	0	0	0	0	0.002087994	0
d__Bacteria|p__Firmicutes|c__Clostridia|o__Lachnospirales|f__Lachnospiraceae|g__Lachnospiraceae_NK4A136_group	0	0	0	0	0.001193139	0	0.001267711	0	0	0	0	0	0	0	0	0.000820283
d__Bacteria|p__Firmicutes|c__Clostridia|o__Lachnospirales|f__Lachnospiraceae	0.000447427	0	0	0	0	0	0	0	0	0	0	0	0	0	0	0
d__Bacteria|p__Bacteroidota|c__Bacteroidia|o__Bacteroidales|f__Bacteroidaceae|g__Bacteroides	0	0	0	0	0	0	0	0	0	0	0	0	0	0	0	0.000223714
d__Bacteria|p__Firmicutes|c__Clostridia|o__Lachnospirales|f__Lachnospiraceae|g__Lachnospiraceae_NK4A136_group|s__uncultured_bacterium	0	0	0	0	0	0.001491424	0	0	0	0.001118568	0	0	0	0	0	0
d__Bacteria|p__Firmicutes|c__Bacilli|o__Bacillales|f__Bacillaceae|g__Bacillus|s__Lactobacillus_vaginalis	0	0	0	0	0	0	0	0	0.000447427	0	0	0	0	0	0	0
d__Bacteria|p__Firmicutes|c__Clostridia|o__Oscillospirales|f__Ruminococcaceae|g__Incertae_Sedis|s__Clostridium_sp.	0	0	0	0	0	0.001342282	0	0	0	0	0.002982849	0	0	0	0.000298285	0
d__Bacteria|p__Firmicutes|c__Clostridia|o__Lachnospirales|f__Lachnospiraceae	0.000298285	0	0	0	0	0	0	0	0	0	0	0	0	0	0	0
d__Bacteria|p__Bacteroidota|c__Bacteroidia|o__Bacteroidales|f__Muribaculaceae|g__Muribaculaceae	0	0	0	0.000372856	0	0	0	0	0	0	0	0	0	0	0	0
d__Bacteria|p__Bacteroidota|c__Bacteroidia|o__Bacteroidales|f__Muribaculaceae|g__Muribaculaceae|s__uncultured_bacterium	0.023564504	0.001565996	0.00246085	0.00246085	0.000745712	0.001789709	0	0.001416853	0.002237136	0	0.004026846	0.005816555	0.00797912	0.007680835	0.003131991	0.001416853
d__Bacteria|p__Firmicutes|c__Clostridia|o__Monoglobales|f__Monoglobaceae|g__Monoglobus	0	0	0	0.000372856	0	0	0	0.000745712	0	0.000447427	0	0.000372856	0.000894855	0	0.000372856	0
d__Bacteria|p__Firmicutes|c__Clostridia|o__Clostridia_UCG-014|f__Clostridia_UCG-014|g__Clostridia_UCG-014|s__uncultured_bacterium	0	0	0	0.000372856	0	0	0	0.000223714	0	0	0	0	0	0.00059657	0	0
d__Bacteria|p__Firmicutes|c__Clostridia|o__Clostridia_UCG-014|f__Clostridia_UCG-014|g__Clostridia_UCG-014	0	0	0	0	0.001715138	0	0	0.001118568	0	0	0	0	0	0	0	0
d__Bacteria|p__Firmicutes|c__Clostridia|o__Lachnospirales|f__Lachnospiraceae	0	0	0	0	0	0.000671141	0	0	0	0	0	0	0	0	0	0
d__Bacteria|p__Bacteroidota|c__Bacteroidia|o__Bacteroidales|f__Rikenellaceae|g__Alistipes|s__Alistipes_shahii	0	0	0	0	0	0	0	0.000745712	0	0	0	0	0	0	0	0
d__Bacteria|p__Bacteroidota|c__Bacteroidia|o__Bacteroidales|f__Muribaculaceae|g__Muribaculaceae|s__uncultured_bacterium	0.001267711	0	0	0	0	0	0	0	0	0	0	0.000745712	0	0.001118568	0	0
d__Bacteria|p__Bacteroidota|c__Bacteroidia|o__Bacteroidales|f__Muribaculaceae|g__Muribaculaceae|s__uncultured_bacterium	0	0.002982849	0.005592841	0.007158837	0.002311708	0.003803132	0.002087994	0.005592841	0.002609993	0.007680835	0	0.000894855	0.004847129	0.002833706	0.005070843	0.004026846
d__Bacteria|p__Firmicutes|c__Clostridia|o__Lachnospirales|f__Lachnospiraceae|g__Lachnospiraceae_NK4A136_group	0	0	0.008351976	0	0	0	0	0.001565996	0.000149142	0.002311708	0	0	0	0	0	0.000820283
d__Bacteria|p__Firmicutes|c__Clostridia|o__Lachnospirales|f__Lachnospiraceae	0	0	0.00186428	0	0	0	0	0.00059657	0	0.002833706	0	0	0.001416853	0	0.000447427	0
d__Bacteria|p__Bacteroidota|c__Bacteroidia|o__Bacteroidales|f__Muribaculaceae|g__Muribaculaceae|s__uncultured_bacterium	0	0.005741984	0.004399702	0.005891126	0.005219985	0.00857569	0.011558538	0.004772558	0.005219985	0.009694258	0.003504847	0.004772558	0.002759135	0.001715138	0.003579418	0.004399702
d__Bacteria|p__Firmicutes|c__Bacilli|o__Erysipelotrichales|f__Erysipelotrichaceae|g__uncultured|s__unidentified	0	0	0	0	0	0	0	0	0	0	0	0	0.002162565	0	0	0
d__Bacteria|p__Firmicutes|c__Clostridia|o__Oscillospirales|f__Ruminococcaceae|g__Incertae_Sedis|s__uncultured_Clostridiales	0.000671141	0	0	0	0	0	0	0	0	0	0	0	0.000820283	0	0	0
d__Bacteria|p__Firmicutes|c__Clostridia|o__Lachnospirales|f__Lachnospiraceae|g__Lachnospiraceae_UCG-006|s__uncultured_bacterium	0.012677107	0	0	0	0	0	0	0	0	0	0	0	0.001640567	0	0	0
d__Bacteria|p__Firmicutes|c__Clostridia|o__Oscillospirales|f__Ruminococcaceae|g__Incertae_Sedis|s__uncultured_bacterium	0.001043997	0	0	0	0	0	0	0	0	0	0	0	0	0	0	0
d__Bacteria|p__Firmicutes|c__Bacilli|o__RF39|f__RF39|g__RF39	0	0	0	0	0	0	0	0	0	0	0	0	0	0	0	7.46E-05
d__Bacteria|p__Firmicutes|c__Bacilli	0	0	0	0	0	0	0	0	0	0	0	0	0.000149142	0	0	0
d__Bacteria|p__Firmicutes|c__Bacilli|o__Lactobacillales|f__Lactobacillaceae|g__Lactobacillus|s__Lactobacillus_intestinalis	0	0	0	0	0	0	0.001043997	0	0	0	0	0	0	0	0	0
d__Bacteria|p__Firmicutes|c__Clostridia|o__Oscillospirales|f__Oscillospiraceae	0.000521999	0	0	0	0.000521999	0	0.00059657	0.001267711	0	0	0	0	0	0	0	0.000671141
d__Bacteria|p__Firmicutes|c__Clostridia|o__Oscillospirales|f__Butyricicoccaceae|g__UCG-009|s__uncultured_bacterium	0	0	0	0	0	0	0	0	0	0	0.000372856	0	0	0	0	0
d__Bacteria|p__Firmicutes|c__Clostridia|o__Lachnospirales|f__Lachnospiraceae|g__Lachnospiraceae_NK4A136_group	0.005070843	0.001491424	0	0.000820283	0	0.002759135	0	0.00186428	0.000745712	0.004399702	0.002908277	0	0.004101417	0	0	0
d__Bacteria|p__Firmicutes|c__Clostridia|o__Lachnospirales|f__Lachnospiraceae	0	0	0	0	0	0.001193139	0.00305742	0	0	0	0.000671141	0	0	0	0	0
d__Bacteria|p__Firmicutes|c__Clostridia	0	0	0	0	0	0	0.000223714	0	0	0	0	0	0	0	0	0
d__Bacteria|p__Firmicutes|c__Clostridia|o__Oscillospirales|f__Oscillospiraceae|g__uncultured|s__unidentified	0	0	0	0	0	0	0	0	0	0.000671141	0.002237136	0	0	0	0	0
d__Bacteria|p__Firmicutes|c__Clostridia|o__Lachnospirales|f__Lachnospiraceae	0	0	0	0	0	0	0	0	0	0.001715138	0	0	0	0	0	0
d__Bacteria|p__Firmicutes|c__Clostridia|o__Peptococcales|f__Peptococcaceae|g__uncultured	0	0	0	0	0	0.00059657	7.46E-05	0	0	0.001043997	0	0	0.002087994	0	0	0.00059657
d__Bacteria|p__Bacteroidota|c__Bacteroidia|o__Bacteroidales|f__Muribaculaceae|g__Muribaculaceae|s__uncultured_bacterium	0	0	0	0	0.000298285	0	0	0	0	0	0	0	0	0	0	0
d__Bacteria|p__Firmicutes|c__Clostridia|o__Oscillospirales|f__Ruminococcaceae|g__uncultured	0	0	0	0	0	0	0	0	0	0	0.001043997	0	0	0	0	0
d__Bacteria|p__Firmicutes|c__Clostridia|o__Clostridia_UCG-014|f__Clostridia_UCG-014|g__Clostridia_UCG-014	0	0	0	0	0	0	0.000521999	0	0	0	0	0	0	0	0	0
d__Bacteria|p__Firmicutes|c__Bacilli|o__Lactobacillales|f__Lactobacillaceae|g__Lactobacillus	0	0	0	0	0	0	0	7.46E-05	0	0	0	0	0	0	0	0
d__Bacteria|p__Firmicutes|c__Clostridia|o__Oscillospirales|f__Oscillospiraceae	0	0	0	0	0	0	0.00059657	0	0	0	0	0	0	0	0	0.000223714
d__Bacteria|p__Firmicutes|c__Clostridia|o__Oscillospirales|f__Ruminococcaceae|g__Incertae_Sedis|s__uncultured_bacterium	0	0	0	0	0	0	0	0	0	0	0	0	0	0.001193139	0	0
d__Bacteria|p__Firmicutes|c__Clostridia|o__Lachnospirales|f__Lachnospiraceae	0	0	0	0	0.000745712	0	0	0	0	0	0	0	0	0	0	0
d__Bacteria|p__Firmicutes|c__Clostridia|o__Lachnospirales|f__Lachnospiraceae|g__Lachnospiraceae_NK4A136_group	0.001342282	0	0	0	0.000820283	0.001640567	0.000969426	0.00059657	0	0.000447427	0.000820283	0.000521999	0.000447427	0	0	0
d__Bacteria|p__Firmicutes|c__Clostridia|o__Lachnospirales|f__Lachnospiraceae	0	0	0	0.00059657	0	0	0	0	0.001491424	0	0.001640567	0	0	0	0	0
d__Bacteria|p__Deferribacterota|c__Deferribacteres|o__Deferribacterales|f__Deferribacteraceae|g__Mucispirillum|s__Mucispirillum_schaedleri	0	0	0	0	0	0	0	0.000671141	0	0	0	0	0	0.002162565	0	0
d__Bacteria|p__Firmicutes|c__Bacilli	0	0	0.01290082	0	0	0	0	0.008799403	0	0	0	0	0	0	0	0
d__Bacteria|p__Firmicutes|c__Clostridia|o__Lachnospirales|f__Lachnospiraceae	0.001193139	0	0	0	0	0	0	0	0	0	0	0	0	0	0	0.000298285
d__Bacteria|p__Firmicutes|c__Clostridia|o__Lachnospirales|f__Lachnospiraceae	0	0.001267711	0	0	0	0	0	0	0	0.00059657	0.002609993	0	0	0	0	0
d__Bacteria|p__Bacteroidota|c__Bacteroidia|o__Bacteroidales|f__Muribaculaceae|g__Muribaculaceae|s__uncultured_bacterium	0	0.001416853	0	0	0.002162565	0.004548844	0.002087994	0	0	0	0	0	0	0	0	0.001938852
d__Bacteria|p__Bacteroidota|c__Bacteroidia|o__Bacteroidales|f__Muribaculaceae|g__Muribaculaceae|s__uncultured_Bacteroidales	0	0.002162565	0.004250559	0.00186428	0.000894855	0.004175988	0.002908277	0.003430276	0.003579418	0.001938852	0	0.005816555	0	0.00059657	0	0.002759135
d__Bacteria|p__Firmicutes|c__Clostridia|o__Lachnospirales|f__Lachnospiraceae	0	0	0	0	0	0.003281133	0	0.001640567	0.001118568	0.011483967	0	0	0	0.006860552	0	0.004026846
d__Bacteria|p__Firmicutes|c__Clostridia|o__Lachnospirales|f__Lachnospiraceae	0	0	0	0	0	0	0	0	0	0	0	0	0.001640567	0	0	0
d__Bacteria|p__Firmicutes|c__Clostridia|o__Lachnospirales|f__Lachnospiraceae|g__Lachnospiraceae_NK4A136_group	0	0	0	0	0	0	0	0	0	0	0	0	0	0.003281133	0	0
d__Bacteria|p__Firmicutes|c__Clostridia|o__Clostridia_UCG-014|f__Clostridia_UCG-014|g__Clostridia_UCG-014	0	0	0	0	0	0	0	0.004697987	0.000969426	0	0	0	0	0	0	0.001342282
d__Bacteria|p__Firmicutes|c__Clostridia|o__Clostridia_UCG-014|f__Clostridia_UCG-014|g__Clostridia_UCG-014	0	0	0	0	0	0	0.000969426	0	0	0.002908277	0.002237136	0.000447427	0.001789709	0.00059657	0.000671141	0.000745712
d__Bacteria|p__Bacteroidota|c__Bacteroidia|o__Bacteroidales|f__Muribaculaceae|g__Muribaculaceae	0	0.002162565	0.005891126	0.0049217	0.00305742	0.006338553	0.0049217	0.00797912	0.006338553	0.00432513	0	0.002311708	0.002386279	0.000894855	0.003504847	0.000969426
d__Bacteria|p__Firmicutes|c__Clostridia|o__Oscillospirales|f__Ruminococcaceae|g__Incertae_Sedis|s__uncultured_bacterium	0	0.000223714	0	0	0	0	0	0	0	0	0	0	0	0	0	0
d__Bacteria|p__Firmicutes|c__Bacilli|o__Lactobacillales|f__Lactobacillaceae|g__Lactobacillus	0.036763609	0.016480239	0.041909023	0.063087248	0.029306488	0.038702461	0.027442207	0.013273676	0.074944072	0.055257271	0.074422073	0.161297539	0.017971663	0.059582401	0.070171514	0.136092468
d__Bacteria|p__Firmicutes|c__Clostridia|o__Oscillospirales|f__Ruminococcaceae|g__Incertae_Sedis	0.002311708	0	0	0	0	0	0	0	0	0	0	0	0	0	0	0
d__Bacteria|p__Firmicutes|c__Clostridia|o__Lachnospirales|f__Lachnospiraceae|g__Lachnospiraceae_NK4A136_group|s__uncultured_bacterium	0	0	0	0	0	0	0.00059657	0	0	0	0	0	0	0	0	0.001267711
d__Bacteria|p__Firmicutes|c__Bacilli|o__Lactobacillales|f__Lactobacillaceae|g__Lactobacillus	0	0	0	0	0	0.000149142	0	0	0	0	0	0	0	0	0	0
d__Bacteria|p__Firmicutes|c__Clostridia|o__Oscillospirales|f__Ruminococcaceae|g__uncultured|s__[Clostridium]_leptum	0	0	0	0	0	0	0	0	0	0	0	7.46E-05	0	0	0	0
d__Bacteria|p__Bacteroidota|c__Bacteroidia|o__Bacteroidales|f__Muribaculaceae|g__Muribaculaceae	0	0	0	0	0	0.002237136	0.001416853	0	0.001043997	0	0	0.001938852	0	0	0	0
d__Bacteria|p__Firmicutes|c__Clostridia|o__Lachnospirales|f__Lachnospiraceae|g__Lachnospiraceae_NK4A136_group	0.001193139	0	0	0.000521999	0	0	0	0.002684564	0.000894855	0.001342282	0	0	0	0	0	0
d__Bacteria|p__Firmicutes|c__Clostridia|o__Lachnospirales|f__Lachnospiraceae	0.002311708	0	0	0	0	0	0	0	0.000149142	0	0	0	0	0	0	0
d__Bacteria|p__Firmicutes|c__Clostridia|o__Oscillospirales|f__Oscillospiraceae	0	0	0	0	0	0	0	0	0	0	0	0	0.001342282	0	0	0
d__Bacteria|p__Firmicutes|c__Clostridia|o__Lachnospirales|f__Lachnospiraceae	0.002684564	0	0	0	0	0	0.001342282	0	0	0	0	0	0	0	0	0
d__Bacteria|p__Firmicutes|c__Clostridia|o__Lachnospirales|f__Lachnospiraceae	0	0	0.000894855	0	0	0	0	0	0	0	0	0	0	0	0	0
d__Bacteria|p__Firmicutes|c__Clostridia|o__Lachnospirales|f__Lachnospiraceae	0	0	0	0	0	0	0	0	0	0	0	0.000671141	0.007233408	0.001640567	0	0
d__Bacteria|p__Bacteroidota|c__Bacteroidia|o__Bacteroidales|f__Muribaculaceae|g__Muribaculaceae	0	0.001118568	0	0	0.001938852	0.001118568	0	0	0.000820283	0	0	0.000372856	0.00059657	0	0	0.00059657
d__Bacteria|p__Bacteroidota|c__Bacteroidia|o__Bacteroidales|f__Muribaculaceae|g__Muribaculaceae|s__uncultured_bacterium	0	0	0	0	0.000372856	0	0	0	0	0	0	0	0	0	0	0
d__Bacteria|p__Firmicutes|c__Clostridia|o__Oscillospirales|f__Oscillospiraceae|g__NK4A214_group|s__unidentified	0	0	0	0	0.000149142	0.001118568	0	0	7.46E-05	0.000372856	0.001043997	0.000521999	0.000149142	0.001043997	0.000372856	0
d__Bacteria|p__Firmicutes|c__Clostridia|o__Lachnospirales|f__Lachnospiraceae	0	0.000521999	0	0	0	0	0	0	0	0	0	0	0	0	0	0
d__Bacteria|p__Firmicutes|c__Clostridia|o__Lachnospirales|f__Lachnospiraceae	0	0	0	0	0	0	0	0	0	0	0	0	0	0.001193139	0	0
d__Bacteria|p__Bacteroidota|c__Bacteroidia|o__Bacteroidales|f__Muribaculaceae|g__Muribaculaceae	0	0	0	0	0	0	0	0.000149142	0	0	0	0	0	0	0	0
d__Bacteria|p__Firmicutes|c__Clostridia|o__Clostridia_vadinBB60_group|f__Clostridia_vadinBB60_group|g__Clostridia_vadinBB60_group|s__unidentified	0	0	0	0	0	0.001715138	0.000969426	0.001416853	0.000149142	0.000372856	0.001640567	0	0	0	0	0
d__Bacteria|p__Firmicutes|c__Clostridia|o__Peptostreptococcales-Tissierellales|f__Anaerovoracaceae|g__Anaerovorax|s__uncultured_bacterium	0	0	0	0	0	0	0.000372856	0	0	0	0	0	0.000223714	0	0	0
d__Bacteria|p__Firmicutes|c__Clostridia|o__Clostridia_vadinBB60_group|f__Clostridia_vadinBB60_group|g__Clostridia_vadinBB60_group|s__uncultured_bacterium	0	0	0	0	0	0.000521999	0.000447427	0.000372856	0	0.000223714	0	0	0	0	0	0
d__Bacteria|p__Bacteroidota|c__Bacteroidia|o__Bacteroidales|f__Muribaculaceae|g__Muribaculaceae|s__unidentified	0	0	0	0	0	0	0	0	0	0	0	0	0.000223714	0	0	0
d__Bacteria|p__Firmicutes|c__Clostridia|o__Oscillospirales|f__Oscillospiraceae|g__uncultured	0	0	0	0	0	0	0.001491424	0	0	0.000372856	0	0	0	0	0	0
d__Bacteria|p__Firmicutes|c__Clostridia|o__Clostridia_vadinBB60_group|f__Clostridia_vadinBB60_group|g__Clostridia_vadinBB60_group|s__unidentified	0	0.000671141	0	0	0	0	0	0.000372856	0	0	0	0	0	0	0	0
d__Bacteria|p__Deferribacterota|c__Deferribacteres|o__Deferribacterales|f__Deferribacteraceae|g__Mucispirillum|s__Mucispirillum_schaedleri	0	0	0	0	0	0	0	0	0	0	0.002386279	0	0.002833706	0	0	0.001118568
d__Bacteria|p__Firmicutes|c__Clostridia|o__Lachnospirales|f__Lachnospiraceae|g__ASF356|s__uncultured_bacterium	0	0	0	0.001118568	0.001118568	0	0	0	0	0	0	0	0.005145414	0.003355705	0.001491424	0.003579418
d__Bacteria|p__Firmicutes|c__Clostridia|o__Clostridia_UCG-014|f__Clostridia_UCG-014|g__Clostridia_UCG-014	0	0	0	0	0	0	0	0.001267711	0	0	0	0	0	0	0	0
d__Bacteria|p__Firmicutes|c__Bacilli|o__Erysipelotrichales|f__Erysipelotrichaceae|g__Faecalibaculum	0	0.001342282	0.013348248	0.004623415	0	0	0	0	0.003355705	0.001416853	0.005070843	0	0.017225951	0.084862043	0.008202834	0
d__Bacteria|p__Firmicutes|c__Clostridia|o__Lachnospirales|f__Lachnospiraceae|g__ASF356	0	0	0	0	0	0	0	0	0	0	0	0	0	0	0	0.000969426
d__Bacteria|p__Firmicutes|c__Clostridia|o__Lachnospirales|f__Lachnospiraceae	0	0	0	0	0	0	0.000745712	0	0	0	0	0	0	0	0	0
d__Bacteria|p__Bacteroidota|c__Bacteroidia|o__Bacteroidales|f__Muribaculaceae|g__Muribaculaceae	0	0.000372856	0	0	0	0	0	0	0	0	0	0	0	0	0	0
d__Bacteria|p__Firmicutes|c__Clostridia|o__Lachnospirales|f__Lachnospiraceae	0	0	0	0	0	0	0	0	0	0	0	0	0.001043997	0	0	0
d__Bacteria|p__Bacteroidota|c__Bacteroidia|o__Bacteroidales|f__Bacteroidaceae|g__Bacteroides	0	0	0	0	0	0	0	0.000447427	0	0	0	0	0	0	0	0
d__Bacteria|p__Firmicutes|c__Clostridia|o__Oscillospirales|f__Oscillospiraceae	0.000223714	0	0	0	0	0	0	0	0	0	0	0	0	0	0	0
d__Bacteria|p__Bacteroidota|c__Bacteroidia|o__Bacteroidales|f__Muribaculaceae|g__Muribaculaceae|s__uncultured_Bacteroidales	0	0.002237136	0	0	0	0	0	0	0	0	0	0	0	0	0	0
d__Bacteria|p__Firmicutes|c__Clostridia|o__Oscillospirales|f__Oscillospiraceae	0.000671141	0	0	0	0	0.000223714	0	0.00059657	0	0	0.001715138	0	0	0	0	0
d__Bacteria|p__Firmicutes|c__Clostridia|o__Oscillospirales|f__Oscillospiraceae	0	0.001565996	0	0	0	0	0.000671141	0	0	0	0	0	0.001789709	0	0	0
d__Bacteria|p__Firmicutes|c__Clostridia|o__Oscillospirales|f__Oscillospiraceae|g__uncultured|s__uncultured_bacterium	0	0	0	0	0	0.00186428	0	0	0	0	0	0	0	0	0	0.001416853
d__Bacteria|p__Bacteroidota|c__Bacteroidia|o__Bacteroidales|f__Muribaculaceae|g__Muribaculaceae|s__uncultured_bacterium	0	0	0	0	0	0	0	0	0	0	0	0.000298285	0	0	0	0
d__Bacteria|p__Firmicutes	0	0	0	0	0.000447427	0	0	0	0	0	0	0	0	0	0	0
d__Bacteria|p__Firmicutes|c__Clostridia|o__Lachnospirales|f__Lachnospiraceae|g__Tuzzerella|s__uncultured_bacterium	0	0.000820283	0	0	0	0.000521999	0.000298285	0.000521999	0	0.001118568	0.001640567	0	0.002237136	0	0	0.000298285
d__Bacteria|p__Firmicutes|c__Clostridia|o__Lachnospirales|f__Lachnospiraceae|g__Lachnospiraceae_NK4A136_group|s__Lachnospiraceae_bacterium	0	0	0	0	0	0	0.003579418	0	0	0	0	0	0	0	0	0
d__Bacteria|p__Firmicutes|c__Clostridia|o__Clostridia_UCG-014|f__Clostridia_UCG-014|g__Clostridia_UCG-014|s__uncultured_Clostridiales	0	0	0	0	0	0	0	0	0	0	0	0	7.46E-05	0	0	0
d__Bacteria|p__Bacteroidota|c__Bacteroidia|o__Bacteroidales|f__Rikenellaceae|g__Rikenellaceae_RC9_gut_group|s__uncultured_organism	0	0	0.00186428	0.004623415	0.003430276	0.008202834	0.010141685	0.004847129	0.003877703	0.002535421	0.000820283	0.003281133	0	0	0.002684564	0.002087994
d__Bacteria|p__Firmicutes|c__Clostridia|o__Clostridia_UCG-014|f__Clostridia_UCG-014|g__Clostridia_UCG-014	0	0	0	0	0	0	0	0.00059657	0	0	0	0	0	0	0	0
d__Bacteria|p__Firmicutes|c__Clostridia|o__Oscillospirales|f__Oscillospiraceae|g__Colidextribacter	0	0	0	0	0	0	0	0	0	0.001118568	0	0	0	0	0	0
d__Bacteria|p__Firmicutes|c__Clostridia|o__Lachnospirales|f__Lachnospiraceae|g__Blautia|s__Lachnospiraceae_bacterium	0	0.002087994	0	0	0	0	0.000298285	0	0	0	0	0	0.000671141	0	0	0
d__Bacteria|p__Firmicutes|c__Clostridia|o__Oscillospirales|f__Oscillospiraceae	0.001491424	0	0	0.000820283	0	0	0	0	0	0.000894855	0.000671141	0	0.001565996	0	0	0.00186428
d__Bacteria|p__Firmicutes|c__Bacilli|o__Lactobacillales|f__Lactobacillaceae|g__Lactobacillus|s__Lactobacillus_intestinalis	0.007084265	0.001789709	0.004175988	0.003355705	0.046830723	0.026174497	0.03616704	0.02699478	0.081655481	0.032289336	0.005592841	0	0.229381059	0.072483221	0.080089485	0.00365399
d__Bacteria|p__Firmicutes|c__Clostridia|o__Monoglobales|f__Monoglobaceae|g__Monoglobus	0	0	0	0	0	0	0	0	0	0	0.000447427	0.001118568	0	0	0	0
d__Bacteria|p__Bacteroidota|c__Bacteroidia|o__Bacteroidales|f__Muribaculaceae|g__Muribaculaceae	0	0.000521999	0	0	0	0	0	0	0	0	0	0	0	0	0	0.000372856
d__Bacteria|p__Firmicutes|c__Clostridia|o__Lachnospirales|f__Lachnospiraceae|g__Lachnospiraceae_NK4A136_group	0	0	0	0.001043997	0	0	0	0	0	0	0	0	0.003281133	0.007233408	0	0
d__Bacteria|p__Firmicutes|c__Clostridia|o__Lachnospirales|f__Lachnospiraceae|g__Lachnospiraceae_NK4A136_group	0	0	0	0	0	0.000671141	0	0	0	0	0	0	0	0	0	0
d__Bacteria|p__Firmicutes|c__Clostridia|o__Oscillospirales|f__Oscillospiraceae|g__Colidextribacter	0.000969426	0	0	0	0	0	0.000969426	0.001118568	0	0	0	0	0	0	0	0
d__Bacteria|p__Firmicutes|c__Clostridia|o__Oscillospirales|f__Oscillospiraceae	0	0	0	0	0	0	0.001565996	0	0	0	0	0	0	0	0	0
d__Bacteria|p__Firmicutes|c__Clostridia|o__Oscillospirales|f__Oscillospiraceae	0.002833706	0.001789709	0	0.000521999	0.000372856	0.001193139	0.001640567	0.001118568	0	0.002535421	0.001118568	0.00059657	0.000521999	0.000820283	0.000298285	0.000372856
d__Bacteria|p__Firmicutes|c__Clostridia|o__Peptostreptococcales-Tissierellales|f__Anaerovoracaceae|g__Family_XIII_AD3011_group	0	0	0	0	0	0	0	7.46E-05	0	0	0	0	0	0	0	0
d__Bacteria|p__Bacteroidota|c__Bacteroidia|o__Bacteroidales|f__Muribaculaceae|g__Muribaculaceae|s__uncultured_bacterium	0	0	0	0	0	7.46E-05	0	0	0	0	0	0	0	0	0	0
d__Bacteria|p__Firmicutes|c__Clostridia|o__Lachnospirales|f__Lachnospiraceae	0	0	0.005592841	0	0	0	0.000372856	0	0	0.002087994	0.00186428	0	0.001193139	0	0	0
d__Bacteria|p__Firmicutes|c__Clostridia|o__Oscillospirales|f__Oscillospiraceae	0	0	0	0	0	0.000894855	0	0	0	0	0	0	0	0	0	0
d__Bacteria|p__Bacteroidota|c__Bacteroidia|o__Bacteroidales|f__Muribaculaceae|g__Muribaculaceae|s__uncultured_Bacteroidales	0	0.016480239	0.009694258	0.006636838	0.007233408	0.01103654	0.007904549	0.005667412	0.011260254	0.007755406	0.006636838	0.006413125	0.014317673	0.009321402	0.011931394	0.013348248
d__Bacteria|p__Bacteroidota|c__Bacteroidia|o__Bacteroidales|f__Muribaculaceae|g__Muribaculaceae|s__uncultured_bacterium	0	0	0	0	0	0	0	0	0	0	0	0	7.46E-05	0	0	0
d__Bacteria|p__Firmicutes|c__Clostridia|o__Lachnospirales|f__Lachnospiraceae|g__uncultured|s__unidentified	0	0	0	0	0	0	0	0	0	0	0	0	0	0	0	7.46E-05
d__Bacteria|p__Bacteroidota|c__Bacteroidia|o__Bacteroidales|f__Bacteroidaceae|g__Bacteroides	0	0.006562267	0.008351976	0.007829978	0.013721104	0.018269948	0.033855332	0.017076808	0.008650261	0.016032811	0.0049217	0.008053691	0.006338553	0.004399702	0.005070843	0.007307979
d__Bacteria|p__Bacteroidota|c__Bacteroidia|o__Bacteroidales|f__Bacteroidaceae|g__Bacteroides	0	0	0	0	0	0	0	0	0	0	0	0	0	0	0	0.000223714
d__Bacteria|p__Firmicutes|c__Clostridia|o__Lachnospirales|f__Lachnospiraceae|g__ASF356|s__uncultured_bacterium	0	0	0	0	0.000671141	0	0	0	0	0	0	0	0.000894855	0.002013423	0	0.000447427
d__Bacteria|p__Firmicutes|c__Clostridia|o__Peptostreptococcales-Tissierellales|f__Anaerovoracaceae|g__[Eubacterium]_nodatum_group	0	0	0	0	0	0	0.000820283	0	0	0	0	0	0	0	0	0
d__Bacteria|p__Firmicutes|c__Clostridia|o__Lachnospirales|f__Lachnospiraceae|g__Lachnospiraceae_NK4A136_group	0	0	0	0	0	0.000969426	0	0	0	0	0.002982849	0	0	0	0	0
d__Bacteria|p__Bacteroidota|c__Bacteroidia|o__Bacteroidales|f__Muribaculaceae|g__Muribaculaceae|s__uncultured_bacterium	0	0	0	0	0	0	0	0	0.000671141	0	0	0	0.000894855	0.000820283	0.002311708	0.000894855
d__Bacteria|p__Firmicutes|c__Bacilli|o__Lactobacillales|f__Lactobacillaceae|g__Lactobacillus	0	0	0	0	0	0	0	0	0	0	0	0.000447427	0	0	0	0
d__Bacteria|p__Firmicutes|c__Clostridia|o__Oscillospirales|f__Oscillospiraceae	0	0	0.000149142	0	0	0	0	0	0	0	0	0	0	0	0	0
d__Bacteria|p__Bacteroidota|c__Bacteroidia|o__Bacteroidales|f__Rikenellaceae|g__Alistipes|s__uncultured_bacterium	0.045041014	0.007084265	0.003952274	0.009992543	0.010887397	0.01841909	0.020059657	0.023489933	0.008799403	0.008873975	0.002535421	0.008650261	0.005592841	0.004026846	0.005965697	0.002386279
d__Bacteria|p__Firmicutes|c__Clostridia|o__Lachnospirales|f__Lachnospiraceae|g__Lachnospiraceae_NK4A136_group	0	0	0	0	0	0	0	0.000223714	0	0	0	0	0	0	0	0
d__Bacteria|p__Firmicutes|c__Clostridia|o__Oscillospirales|f__Butyricicoccaceae|g__Butyricicoccus|s__uncultured_bacterium	0	0	0	0	0	0	0	0	0	0.000894855	0	0	0	0	0	0
d__Bacteria|p__Firmicutes|c__Clostridia|o__Lachnospirales|f__Lachnospiraceae|g__Lachnospiraceae_NK4A136_group|s__uncultured_bacterium	0	0	0	0	0	0	0	0.001789709	0	0	0	0	0	0	0	0
d__Bacteria|p__Bacteroidota|c__Bacteroidia|o__Bacteroidales|f__Rikenellaceae|g__Alistipes	0	0.000149142	0	0	0	0	0	0	0	0	0	0	0	0	0	0
d__Bacteria|p__Firmicutes|c__Clostridia|o__Peptostreptococcales-Tissierellales|f__Anaerovoracaceae|g__Family_XIII_UCG-001|s__uncultured_bacterium	0	0	0.000521999	0	0	0	0	0	0	0.000298285	0.000298285	0	0.000820283	0	0	0
d__Bacteria|p__Firmicutes|c__Bacilli|o__Staphylococcales|f__Gemellaceae|g__Gemella	0	0	0	0	0	0	0	0	0	0	0	0	0	0	0	0.000223714
d__Bacteria|p__Firmicutes|c__Clostridia|o__Lachnospirales|f__Lachnospiraceae|g__GCA-900066575|s__uncultured_bacterium	0	0	0	0	0	0.000820283	0	0	0	0	0.003281133	0	0	0	0	0.000521999
d__Bacteria|p__Firmicutes|c__Clostridia|o__Lachnospirales|f__Lachnospiraceae|g__Lachnospiraceae_NK4A136_group	0	0	0	0	0	0	0.00432513	0	0.001491424	0	0.005741984	0.002386279	0	0	0.001715138	0
d__Bacteria|p__Firmicutes|c__Clostridia|o__Lachnospirales|f__Lachnospiraceae|g__Lachnospiraceae_NK4A136_group	0	0.000298285	0	0	0	0	0.002982849	0	0	0	0	0	0	0	0	0.00551827
d__Bacteria|p__Firmicutes|c__Clostridia|o__Oscillospirales|f__Ruminococcaceae|g__Ruminococcaceae|s__uncultured_bacterium	0	0	0	0	0	0	0.000298285	0	0	0	0	0	0	0	0	0
d__Bacteria|p__Bacteroidota|c__Bacteroidia|o__Bacteroidales|f__Muribaculaceae|g__Muribaculaceae	0.002982849	0	0	0.003877703	0.004175988	0.005070843	0	0	0.001118568	0.001043997	0	0.002087994	0.002013423	0	0	0
d__Bacteria|p__Firmicutes|c__Clostridia|o__Lachnospirales|f__Lachnospiraceae|g__ASF356|s__uncultured_bacterium	0	0.003281133	0.001342282	0	0.001267711	0	0.001118568	0	0	0.002684564	0.002684564	0	0	0	0	0
d__Bacteria|p__Firmicutes|c__Clostridia|o__Oscillospirales|f__Ruminococcaceae|g__Anaerotruncus|s__uncultured_bacterium	0	0.000820283	0	0	0	0	0	0	0	0	0	0	0	0	0	0
d__Bacteria|p__Bacteroidota|c__Bacteroidia|o__Bacteroidales|f__Prevotellaceae|g__Prevotellaceae_UCG-001|s__uncultured_bacterium	0	0	0	0	0	0.002237136	0	0	0	0	0	0	0	0	0	0
d__Bacteria|p__Firmicutes|c__Clostridia|o__Oscillospirales|f__Ruminococcaceae|g__Ruminococcus	0	0	0	0	0	0	0	0.003430276	0	0.000969426	0.001193139	0	0	0	0	0
d__Bacteria|p__Firmicutes|c__Clostridia|o__Lachnospirales|f__Lachnospiraceae	0	0.000969426	0	0	0	0	0	0	0	0	0	0	0	0	0	0
d__Bacteria|p__Firmicutes|c__Clostridia|o__Oscillospirales|f__Oscillospiraceae|g__uncultured|s__uncultured_bacterium	0	0	0	0	0	0	0	0	0	0	0	0	0	0.000149142	0	0
d__Bacteria|p__Firmicutes|c__Clostridia|o__Lachnospirales|f__Lachnospiraceae	0.010589113	0	0.003877703	0	0	0.002087994	0.002833706	0	0.000894855	0	0	0	0	0	0	0
d__Bacteria|p__Firmicutes|c__Clostridia|o__Lachnospirales|f__Lachnospiraceae	0.001193139	0	0	0	0	0	0	0	0	0	0	0	0	0	0	0
d__Bacteria|p__Bacteroidota|c__Bacteroidia|o__Bacteroidales|f__Bacteroidaceae|g__Bacteroides	0	0.000298285	0	0	0	0	0	0	0	0	0	0	0	0	0	0
d__Bacteria|p__Firmicutes|c__Bacilli|o__Lactobacillales|f__Lactobacillaceae|g__Lactobacillus|s__mouse_gut	0	0	0	0	0	0	7.46E-05	0	0	0	0	0	0	0	0	0
d__Bacteria|p__Firmicutes|c__Clostridia|o__Lachnospirales|f__Lachnospiraceae|g__Lachnospiraceae_NK4A136_group	0	0	0	0	0.000820283	0.001118568	0.006636838	0.002087994	0	0.001565996	0	0	0	0.003430276	0	0.000372856
d__Bacteria|p__Firmicutes|c__Bacilli|o__Staphylococcales|f__Staphylococcaceae|g__Jeotgalicoccus	0	0	0	0	0.00059657	0.001267711	0.000149142	0	0	0	0	0	0	0	0	0
d__Bacteria|p__Bacteroidota|c__Bacteroidia|o__Bacteroidales|f__Muribaculaceae|g__Muribaculaceae	0	0	0	0	0	0	0	0	0	0	0	0	0	0	0	0.000447427
d__Bacteria|p__Firmicutes|c__Clostridia|o__Lachnospirales|f__Lachnospiraceae|g__Lachnospiraceae_NK4A136_group	0	0	0	0	0	0	0	0.000298285	0	0	0	0	0	0	0	0
d__Bacteria|p__Bacteroidota|c__Bacteroidia|o__Bacteroidales|f__Muribaculaceae|g__Muribaculaceae|s__unidentified	0	0.001342282	0	0	0	0	0	0	0	0	0	0	0	0	0	0
d__Bacteria|p__Firmicutes|c__Clostridia|o__Lachnospirales|f__Lachnospiraceae	0.000969426	0	0	0	0	0	0	0	0	0	0	0	0	0	0	0
d__Bacteria|p__Firmicutes|c__Clostridia|o__Oscillospirales|f__Oscillospiraceae|g__uncultured|s__uncultured_bacterium	0	0.002609993	0	0	0.000372856	0	0.002833706	0.001491424	0.000820283	0.00186428	0	0	0.003281133	0.001491424	7.46E-05	0
d__Bacteria|p__Bacteroidota|c__Bacteroidia|o__Bacteroidales|f__Muribaculaceae|g__Muribaculaceae|s__uncultured_bacterium	0	0	0	0	0	0	0	0	0	0	0	0.000447427	0	0	0	0
d__Bacteria|p__Bacteroidota|c__Bacteroidia|o__Bacteroidales|f__Muribaculaceae|g__Muribaculaceae|s__uncultured_bacterium	0	0	0.004772558	0.000894855	0	0.001640567	0.002535421	0	0.001193139	0.003206562	0	0.001193139	0	0	0	0
d__Bacteria|p__Bacteroidota|c__Bacteroidia|o__Bacteroidales|f__Bacteroidaceae|g__Bacteroides	0	0.001565996	0.000521999	0	0.000671141	0.001118568	0.000671141	0.002311708	0.000820283	0.002013423	0.001043997	0.000894855	0	0.001193139	0	0.000298285
d__Bacteria|p__Firmicutes|c__Clostridia|o__Lachnospirales|f__Lachnospiraceae|g__Lachnospiraceae_UCG-006	0	0	0.000223714	0	0	0	0	0	0	0	0	0	0	0	0	0
d__Bacteria|p__Firmicutes|c__Clostridia|o__Lachnospirales|f__Lachnospiraceae	0.001043997	0	0	0	0	0	0	0	0	0	0	0	0	0	0	0.000298285
d__Bacteria|p__Firmicutes|c__Clostridia|o__Lachnospirales|f__Lachnospiraceae|g__Lachnospiraceae_NK4A136_group	0	0	0	0	0	0	0	0	0	0	0	0	0	0.000745712	0	0
d__Bacteria|p__Firmicutes|c__Clostridia|o__Oscillospirales|f__Ruminococcaceae|g__Incertae_Sedis|s__uncultured_bacterium	0	0.000671141	0	0	0	0	0	0	0	0	0	0	0	0	0	0
d__Bacteria|p__Firmicutes|c__Clostridia|o__Lachnospirales|f__Lachnospiraceae	0	0	0	0	0	0	0.001118568	0	0	0	0	0	0	0	0	0
d__Bacteria|p__Firmicutes|c__Bacilli|o__Lactobacillales|f__Lactobacillaceae|g__Lactobacillus	0	0	0	0	0	0	0	7.46E-05	0	0	0	0	0	0	0	0
d__Bacteria|p__Bacteroidota|c__Bacteroidia|o__Bacteroidales|f__Bacteroidaceae|g__Bacteroides	0	0	0	0	0	0	0	0	0	0	0	0	0	0	0	0.000745712
d__Bacteria|p__Firmicutes|c__Clostridia|o__Lachnospirales|f__Lachnospiraceae	0	0	0	0	0	0	0	0	0	0	0.000149142	0	0	0	0	0
d__Bacteria|p__Firmicutes|c__Clostridia|o__Lachnospirales|f__Lachnospiraceae	0.014988814	0	0	0	0	0	0	0	0	0	0.013049963	0	0.008426547	0	0	0
d__Bacteria|p__Firmicutes|c__Clostridia|o__Lachnospirales|f__Lachnospiraceae	0	0	0.001938852	0	0	0.000521999	0	0	0	0	0	0	0	0	0	0
d__Bacteria|p__Bacteroidota|c__Bacteroidia|o__Bacteroidales|f__Rikenellaceae|g__Alistipes|s__uncultured_bacterium	0.006935123	0	0	0	0.00246085	0	0	0.006189411	0	0	0	0	0	0.001416853	0	0
d__Bacteria|p__Firmicutes|c__Clostridia|o__Lachnospirales|f__Lachnospiraceae	0	0	0	0	0	0	0	0	0	0	0	0	0.002237136	0	0	0
d__Bacteria|p__Firmicutes|c__Bacilli	0.017747949	0.055704698	0.007680835	0.014541387	0.022967934	0.013348248	0.022222222	0.019164802	0.040417599	0.014019389	0	0	0.013348248	0.017598807	0.006711409	0.004101417
d__Bacteria|p__Firmicutes|c__Clostridia|o__Lachnospirales|f__Lachnospiraceae	0	0.002908277	0	0	0	0.000372856	0.000298285	0	0	0.000820283	0.001938852	0	0	0	0	0.000820283
d__Bacteria|p__Bacteroidota|c__Bacteroidia|o__Bacteroidales|f__Bacteroidaceae|g__Bacteroides|s__uncultured_bacterium	0	0	0	0	0	0	0	0	0	0	0	0	0	0	0.000223714	0
d__Bacteria|p__Firmicutes|c__Clostridia|o__Lachnospirales|f__Lachnospiraceae	0	0	0	0	0	0	0	0	0	0	0	0	0	0.000745712	0	0
d__Bacteria|p__Firmicutes|c__Clostridia|o__Lachnospirales|f__Lachnospiraceae|g__Lachnospiraceae_UCG-001	0.000521999	0	0	0	0	0	0	0	0	0	0	0	0.001043997	0	0	0
d__Bacteria|p__Firmicutes|c__Clostridia|o__Clostridia_UCG-014|f__Clostridia_UCG-014|g__Clostridia_UCG-014|s__unidentified	0	0	0	0	0	0	0.000894855	0	0	0	0	0	0	0	0	0
d__Bacteria|p__Bacteroidota|c__Bacteroidia|o__Bacteroidales|f__Muribaculaceae|g__Muribaculaceae|s__uncultured_bacterium	0.002759135	0	0	0	0	0	0.000820283	0	0	0	0	0.000521999	0	0	0	0
d__Bacteria|p__Firmicutes|c__Clostridia|o__Oscillospirales|f__Oscillospiraceae|g__uncultured|s__uncultured_bacterium	0	0	0	0	0	0	0	0	0	0	0.000372856	0	0	0	0	0
d__Bacteria|p__Firmicutes	0	0	0	0	0	0	0	0	0	0	0	0	7.46E-05	0	0	0
d__Bacteria|p__Firmicutes|c__Clostridia|o__Lachnospirales|f__Lachnospiraceae|g__uncultured|s__unidentified	0.000671141	0	0	0	0	0	0	0	0	0	0	0	0	0	0	0
d__Bacteria|p__Bacteroidota|c__Bacteroidia|o__Bacteroidales|f__Rikenellaceae|g__Alistipes|s__uncultured_bacterium	0.000223714	0	0	0	0	0	0	0	0	0	0	0	0	0	0	0
d__Bacteria|p__Firmicutes|c__Clostridia|o__Lachnospirales|f__Lachnospiraceae	0	0	0	0	0	0	0	0	0	0	0.001043997	0	0.001938852	0.001416853	0	0.001491424
d__Bacteria|p__Bacteroidota|c__Bacteroidia|o__Bacteroidales|f__Marinifilaceae|g__Odoribacter|s__uncultured_bacterium	0	0	0	0	0	0	0.005443699	0	0	0.000223714	0.002013423	0.009023117	0	0	0	0
d__Bacteria|p__Firmicutes|c__Clostridia|o__Oscillospirales|f__Oscillospiraceae|g__uncultured|s__unidentified	0	0	0	0	0	0	0.000820283	0	0	0	0	0	0	0	0	0
d__Bacteria|p__Bacteroidota|c__Bacteroidia|o__Bacteroidales|f__Muribaculaceae|g__Muribaculaceae|s__uncultured_bacterium	0	0.003355705	0	0	0.00305742	0.003206562	0.002162565	0.002162565	0	0	0.002311708	0	0.004026846	0.003728561	0	0.001640567
d__Bacteria|p__Firmicutes|c__Bacilli|o__Lactobacillales|f__Lactobacillaceae|g__Lactobacillus	0	0	0	0	0	0	0	0	0	0	0	0.00059657	0	0	0	0
d__Bacteria|p__Firmicutes|c__Clostridia|o__Clostridia_UCG-014|f__Clostridia_UCG-014|g__Clostridia_UCG-014	0	0	0	0	0	0	0	0	0	0.001118568	0	0	0	0	0	0
d__Bacteria|p__Bacteroidota|c__Bacteroidia|o__Bacteroidales|f__Rikenellaceae|g__Alistipes|s__uncultured_bacterium	0	0	0	0	0	0	7.46E-05	0	0	0	0	0	0	0	0	0
d__Bacteria|p__Firmicutes|c__Clostridia|o__Clostridiales|f__Clostridiaceae|g__Candidatus_Arthromitus	0	0.00305742	0.002609993	0.010141685	0.019761372	0.020059657	0.005816555	0.016405667	0.004772558	0.010887397	0.002609993	0.014243102	0.001267711	0.004548844	0.003430276	0.004250559
d__Bacteria|p__Firmicutes|c__Clostridia|o__Lachnospirales|f__Lachnospiraceae|g__Lachnospiraceae_NK4A136_group	0	0	0	0	0	0.002759135	0	0	0	0.00611484	0	0	0	0	0	0
d__Bacteria|p__Firmicutes|c__Clostridia|o__Lachnospirales|f__Lachnospiraceae	0.014914243	0	0	0	0	0	0	0	0	0	0	0	0	0	0	0
d__Bacteria|p__Firmicutes|c__Clostridia|o__Clostridia_UCG-014|f__Clostridia_UCG-014|g__Clostridia_UCG-014|s__unidentified	0	0	0	0	0	0	0	0	0	0	0.001342282	0	0	0.000447427	0.002087994	0.00246085
d__Bacteria|p__Firmicutes|c__Clostridia|o__Oscillospirales|f__Oscillospiraceae|g__NK4A214_group|s__uncultured_bacterium	0.001043997	0	0	0	0	0	0	0	0	0	0.000149142	0	0	0	0	0
d__Bacteria|p__Firmicutes|c__Clostridia|o__Lachnospirales|f__Lachnospiraceae|g__Lachnospiraceae_NK4A136_group	0	0	0.008948546	0	0	0	0.004474273	0.002162565	0	0.006785981	0	0	0	0	0	0
d__Bacteria|p__Firmicutes|c__Clostridia|o__Clostridia_UCG-014|f__Clostridia_UCG-014|g__Clostridia_UCG-014	0	0	0	0	0	0	0	0	0	0	0.004026846	0	0	0	0	0
d__Bacteria|p__Bacteroidota|c__Bacteroidia|o__Bacteroidales|f__Bacteroidaceae|g__Bacteroides	0	0.001342282	0	0.000223714	0.00059657	0.000820283	0.001640567	0.001118568	0.000372856	0.001565996	0	0	0.000521999	0	0.000223714	0.000223714
d__Bacteria|p__Firmicutes|c__Clostridia|o__Lachnospirales|f__Lachnospiraceae	0	0	0	0	0	0	0	0	0	0	0	0	0.001342282	0	0	0
d__Bacteria|p__Firmicutes|c__Bacilli|o__Lactobacillales|f__Lactobacillaceae|g__Lactobacillus	0	0	0	0	0	0	0	0	0	0	0	0	0	0	0.000223714	0
d__Bacteria|p__Firmicutes|c__Clostridia|o__Oscillospirales|f__UCG-010|g__UCG-010|s__unidentified	0	0	0	0	0	0.001118568	0.000671141	0	0.000298285	0.001416853	0.000447427	0	0	0.000671141	0	0.000298285
d__Bacteria|p__Bacteroidota|c__Bacteroidia|o__Bacteroidales|f__Prevotellaceae|g__Prevotellaceae_UCG-001|s__uncultured_bacterium	0	0.001715138	0	0.000969426	0	0.009395973	0.009470544	0.004623415	0.002311708	0.002908277	0.002684564	0.003579418	0.000521999	0.001342282	0.002162565	0.00432513
d__Bacteria|p__Firmicutes|c__Clostridia|o__Clostridia_UCG-014|f__Clostridia_UCG-014|g__Clostridia_UCG-014|s__unidentified	0	0	0	0	0	0	0	0.001267711	0	0	0	0	0	0	0	0
d__Bacteria|p__Firmicutes|c__Clostridia|o__Lachnospirales|f__Lachnospiraceae	0	0.001043997	0	0	0	0	0	0	0	0	0	0	0	0	0	0
d__Bacteria|p__Firmicutes|c__Clostridia|o__Lachnospirales|f__Lachnospiraceae	0	0.002237136	0	0	0	0	0	0	0	0	0	0	0	0	0	0
d__Bacteria|p__Firmicutes|c__Bacilli|o__Lactobacillales|f__Lactobacillaceae|g__Lactobacillus	0	0	0	0	0.000149142	0	0	0	0	0	0	0	0	0	0	0
d__Bacteria|p__Firmicutes|c__Bacilli|o__Lactobacillales|f__Lactobacillaceae|g__Lactobacillus	0	0	0	0	0	0	0	0	0	0	0	0	0	0	0	0.000149142
d__Bacteria|p__Firmicutes|c__Bacilli|o__Lactobacillales|f__Streptococcaceae|g__Streptococcus	0	0	0	0	0	0	0	0	0	0	0.000671141	0	0	0	0	0
d__Bacteria|p__Firmicutes|c__Clostridia|o__Oscillospirales|f__Oscillospiraceae|g__Oscillibacter	0	0	0	0	0	0	0	0	0	0	0	0	0	0.00059657	0	0
d__Bacteria|p__Bacteroidota|c__Bacteroidia|o__Bacteroidales|f__Muribaculaceae|g__Muribaculaceae	0.052050708	0.000447427	0.024906786	0.014765101	0.012005966	0	0.0049217	0.003430276	0.008873975	0.011782252	0.016032811	0.001640567	0.021774795	0.018493661	0.022371365	0
d__Bacteria|p__Firmicutes|c__Clostridia|o__Lachnospirales|f__Lachnospiraceae|g__Lachnospiraceae_UCG-006|s__uncultured_bacterium	0.001640567	0	0	0	0	0	0.000894855	0	0	0	0	0	0	0	0	0.00186428
d__Bacteria|p__Firmicutes|c__Clostridia|o__Clostridia_vadinBB60_group|f__Clostridia_vadinBB60_group|g__Clostridia_vadinBB60_group|s__unidentified	0	0	0	0	0	0.000820283	0	0	0	0	0	0	0	0	0	0
d__Bacteria|p__Firmicutes|c__Clostridia|o__Lachnospirales|f__Lachnospiraceae	0.002684564	0	0	0	0	0	0	0.001043997	0	0	0	0	0	0	0	0
d__Bacteria|p__Bacteroidota|c__Bacteroidia|o__Bacteroidales|f__Muribaculaceae|g__Muribaculaceae|s__uncultured_Bacteroidales	0	0	0	0	0	0	0	0	0.001267711	0.001565996	0	0	0	0	0	0.000894855
d__Bacteria|p__Campilobacterota|c__Campylobacteria|o__Campylobacterales|f__Helicobacteraceae|g__Helicobacter	0	0.022967934	0.008128262	0.01349739	0.018120805	0.00551827	0.033706189	0.033929903	0.023266219	0	0.062043251	0.020730798	0.057196122	0.051454139	0.027442207	0.046830723
d__Bacteria|p__Bacteroidota|c__Bacteroidia|o__Bacteroidales|f__Muribaculaceae|g__Muribaculaceae	0	0.001491424	0.002013423	0.002237136	0	0	0	0.002609993	0.000969426	0.003206562	0.001416853	0	0.005592841	0.004250559	0.004697987	0.001118568
d__Bacteria|p__Firmicutes|c__Bacilli	0	0	0	0	0	0	0.000521999	0	0	0	0	0	0	0	0	0
d__Bacteria|p__Firmicutes|c__Clostridia|o__Peptococcales|f__Peptococcaceae|g__uncultured|s__unidentified	0	0.000521999	0	0	0	0	0	0	0	0	0.001118568	0	0	0	0	0
d__Bacteria|p__Firmicutes|c__Clostridia|o__Clostridia_UCG-014|f__Clostridia_UCG-014|g__Clostridia_UCG-014	0	0	0	0	0.007755406	0	0.01290082	0	0	0	0	0	0	0	0	0
d__Bacteria|p__Firmicutes|c__Clostridia|o__Lachnospirales|f__Lachnospiraceae	0	0	0	0	0	0	0	0.001043997	0	0	0	0	0	0	0	0
d__Bacteria|p__Bacteroidota|c__Bacteroidia|o__Bacteroidales|f__Muribaculaceae|g__Muribaculaceae	0	0.001043997	0.002759135	0.001789709	0	0	0	0.002087994	0.000820283	0.001043997	0.000447427	0	0.00551827	0.002833706	0	0.000149142
d__Bacteria|p__Firmicutes|c__Clostridia|o__Lachnospirales|f__Lachnospiraceae	0	0	0	0	0	0.000223714	0	0	0	0	0.005816555	0	0.002237136	0	0	0
d__Bacteria|p__Firmicutes|c__Clostridia|o__Clostridia_UCG-014|f__Clostridia_UCG-014|g__Clostridia_UCG-014	0	0	0	0	0	0.000894855	0	0	0	0	0	0	0	0	0	0
d__Bacteria|p__Firmicutes|c__Clostridia|o__Lachnospirales|f__Lachnospiraceae	0.001342282	0.007307979	0.002162565	0	0.001267711	0.002833706	0.004399702	0.001640567	0	0.003728561	0	0	0	0	0	0
d__Bacteria|p__Firmicutes|c__Clostridia|o__Oscillospirales|f__Oscillospiraceae	0	0.000372856	0	0	0	0	0.000521999	0	0	0	0	0	0	0	0	0
d__Bacteria|p__Bacteroidota|c__Bacteroidia|o__Bacteroidales|f__Muribaculaceae|g__Muribaculaceae|s__unidentified	0	0.004474273	0.002684564	0.012677107	0.022222222	0.016181954	0.012751678	0.010738255	0.013124534	0.021700224	0.014317673	0	0.005816555	0.003504847	0.003952274	0.006785981
d__Bacteria|p__Firmicutes|c__Clostridia|o__Lachnospirales|f__Lachnospiraceae	0.001118568	0	0	0	0	0	0.002237136	0	0	0	0	0	0	0	0	0
d__Bacteria|p__Bacteroidota|c__Bacteroidia|o__Bacteroidales|f__Muribaculaceae|g__Muribaculaceae|s__uncultured_organism	0	0	0	0	0	0	0	0	0	0	0	0.000149142	0	0	0	0
d__Bacteria|p__Firmicutes|c__Clostridia|o__Lachnospirales|f__Lachnospiraceae|g__Lachnospiraceae_UCG-001|s__unidentified	0	0	0	0	0	0	0	0	0	0	0.002684564	0	0	0	0	0
d__Bacteria|p__Bacteroidota|c__Bacteroidia|o__Bacteroidales|f__Tannerellaceae|g__Parabacteroides|s__Parabacteroides_goldsteinii	0	0.002609993	0.001491424	0.000447427	0.000521999	0.000447427	0.00059657	0.001491424	7.46E-05	0.000894855	0.000372856	0.002237136	0.002908277	0.001565996	0.000820283	0.001267711
d__Bacteria|p__Bacteroidota|c__Bacteroidia|o__Bacteroidales|f__Bacteroidaceae|g__Bacteroides	0	0.00857569	0	0.004399702	0.004847129	0	0.003430276	0.011334825	0.002684564	0	0.001789709	0.002162565	0.005816555	0.004101417	0.004026846	0.002908277
d__Bacteria|p__Firmicutes|c__Clostridia|o__Peptostreptococcales-Tissierellales|f__Anaerovoracaceae|g__[Eubacterium]_brachy_group|s__uncultured_bacterium	0	0.000671141	0	0	0	0	0	0	0	0.000447427	0.000820283	0	0.000372856	0	0	7.46E-05
d__Bacteria|p__Firmicutes|c__Clostridia|o__Lachnospirales|f__Lachnospiraceae	0	0	0	0	0	0	0	0.000894855	0	0	0	0	0	0	0	0.000745712
d__Bacteria|p__Firmicutes|c__Clostridia|o__Clostridia_UCG-014|f__Clostridia_UCG-014|g__Clostridia_UCG-014	0	0	0	0	0	0	0	0	0	0	0	0.000521999	0	0	0	0
d__Bacteria|p__Bacteroidota|c__Bacteroidia|o__Bacteroidales|f__Rikenellaceae|g__Alistipes|s__uncultured_bacterium	0.006636838	0.002535421	0.001267711	0.00186428	0	0.003430276	0.001491424	0.005294556	0.001118568	0	0	0	0.003206562	0	0.00246085	0.001043997
d__Bacteria|p__Firmicutes|c__Clostridia|o__Clostridia_UCG-014|f__Clostridia_UCG-014|g__Clostridia_UCG-014	0	0	0	0	0	0	0	0	0	0.001938852	0	0	0	0	0	0.000671141
d__Bacteria|p__Firmicutes|c__Clostridia|o__Clostridia_vadinBB60_group|f__Clostridia_vadinBB60_group|g__Clostridia_vadinBB60_group	0	0	0	0.001342282	0	0	0	0	0	0	0	0	0	0	0	0
d__Bacteria|p__Bacteroidota|c__Bacteroidia|o__Bacteroidales|f__Rikenellaceae|g__Rikenellaceae_RC9_gut_group|s__uncultured_organism	0	0.000521999	0.004175988	0.012229679	0.011782252	0.016703952	0.020059657	0.012826249	0.006487696	0.007606264	0.002833706	0.009023117	0.001193139	0.001342282	0.007233408	0.005741984
d__Bacteria|p__Bacteroidota|c__Bacteroidia|o__Bacteroidales|f__Muribaculaceae|g__Muribaculaceae|s__uncultured_bacterium	0	0	0	0	0	0	0	0	0	0	0	0	0.000969426	0.001043997	0.002535421	0
d__Bacteria|p__Firmicutes|c__Clostridia|o__Lachnospirales|f__Lachnospiraceae	0	0	0	0	0	0	0	0	0	0	0	0	0	0.000521999	0	0
d__Bacteria|p__Firmicutes|c__Clostridia|o__Oscillospirales|f__Ruminococcaceae|g__Anaerotruncus|s__uncultured_bacterium	0	0	0	0	0	0	0	0	0	0	0	0	0.000372856	0	0	0
d__Bacteria|p__Firmicutes|c__Clostridia|o__Lachnospirales|f__Lachnospiraceae|g__Roseburia|s__Eubacterium_sp.	0	0	0	0	0.001342282	0	0	0	0	0.00186428	0	0	0.000745712	0	0	0
d__Bacteria|p__Firmicutes|c__Clostridia|o__Clostridia_UCG-014|f__Clostridia_UCG-014|g__Clostridia_UCG-014|s__unidentified	0	0	0	0	0	0.000671141	0	0	0	0	0	0	0	0	0	0
d__Bacteria|p__Bacteroidota|c__Bacteroidia|o__Bacteroidales|f__Muribaculaceae|g__Muribaculaceae|s__uncultured_bacterium	0	0	0	0	0	0	0	0	0	0	0	0	0	0	0	0.000149142
d__Bacteria|p__Firmicutes|c__Bacilli|o__Staphylococcales|f__Staphylococcaceae|g__Staphylococcus|s__Staphylococcus_lentus	0	0	0.000447427	0	0.00246085	0	0	0	0	0.000671141	0	0	0	0	0	0
d__Bacteria|p__Firmicutes|c__Clostridia|o__Oscillospirales|f__Ruminococcaceae|g__Ruminococcus|s__unidentified	0	0	0	0	0.000447427	0	0.000671141	0.001043997	7.46E-05	0.01655481	0	0	0.000894855	0	0.000671141	0.000745712
d__Bacteria|p__Proteobacteria|c__Gammaproteobacteria|o__Burkholderiales|f__Sutterellaceae|g__Parasutterella	0.00186428	0	0	0.000894855	0.001118568	0	0	0.001267711	0	0	0	0	0.001118568	0	0.000372856	0.001043997
d__Bacteria|p__Firmicutes|c__Clostridia|o__Lachnospirales|f__Lachnospiraceae|g__Lachnospiraceae_UCG-001|s__uncultured_bacterium	0	0	0	0	0	0	0	0	0	0	0.000447427	0	0	0	0	0
d__Bacteria|p__Firmicutes|c__Clostridia|o__Oscillospirales|f__Ruminococcaceae|g__Incertae_Sedis	0.001640567	0	0	0	0	0	0	0	0	0	0	0	0	0	0	0
d__Bacteria|p__Bacteroidota|c__Bacteroidia|o__Bacteroidales|f__Muribaculaceae|g__Muribaculaceae|s__uncultured_Bacteroidales	0	0.036241611	0.021401939	0.015659955	0.021401939	0.026771066	0.017300522	0.015809098	0.027143922	0.018642804	0.008426547	0.012080537	0.023042506	0.018195377	0.021029083	0.03251305
d__Bacteria|p__Bacteroidota|c__Bacteroidia|o__Bacteroidales|f__Muribaculaceae|g__Muribaculaceae|s__uncultured_bacterium	0	0	0.001342282	0.001267711	0.001118568	0.001342282	0	0.000745712	0.000894855	0.001267711	0.00186428	0.000820283	0.002311708	0.004175988	0.004250559	0.001416853
d__Bacteria|p__Firmicutes|c__Clostridia|o__Peptococcales|f__Peptococcaceae|g__Peptococcus	0	0	0	0	0	0	0	0	0	0	7.46E-05	0	0	0	0	0
d__Bacteria|p__Firmicutes|c__Clostridia|o__Lachnospirales|f__Lachnospiraceae|g__Lachnoclostridium	0	0	0	0	0	0	0	0	0	0	0	0	0	0	0	0.000820283
d__Bacteria|p__Actinobacteriota|c__Coriobacteriia|o__Coriobacteriales|f__Atopobiaceae|g__Coriobacteriaceae_UCG-002|s__uncultured_bacterium	0	0	0	0	0	0	0	0	0	0	0	0	0.000969426	0.001193139	0	0
d__Bacteria|p__Bacteroidota|c__Bacteroidia|o__Bacteroidales|f__Bacteroidaceae|g__Bacteroides	0	0	0	0	0.002609993	0.002311708	0.006263982	0.003504847	0	0.002609993	0	0	0	0	0	0
d__Bacteria|p__Firmicutes|c__Clostridia|o__Clostridia_UCG-014|f__Clostridia_UCG-014|g__Clostridia_UCG-014	0	0	0	0	0	0	0	0	0	0	0	0	0.000372856	0	0	0
d__Bacteria|p__Firmicutes|c__Clostridia|o__Lachnospirales|f__Lachnospiraceae|g__Lachnospiraceae_NK4A136_group	0	0	0	0	0	0	0	0	0	0	0	0	0.002237136	0	0	0
d__Bacteria|p__Bacteroidota|c__Bacteroidia|o__Bacteroidales|f__Bacteroidaceae|g__Bacteroides|s__Bacteroides_vulgatus	0	0.005443699	0	0	0	0.000447427	0.001491424	0	0	0	0	0	0	0	0	0
d__Bacteria|p__Firmicutes|c__Bacilli|o__Lactobacillales|f__Lactobacillaceae|g__Lactobacillus	0.079642058	0.125727069	0.239373602	0.181730052	0.323713647	0.233333333	0.151454139	0.273974646	0.049739001	0.068307233	0.002982849	0	0.047800149	0.056748695	0.234824758	0.003206562
d__Bacteria|p__Firmicutes|c__Clostridia|o__Lachnospirales|f__Lachnospiraceae	0	0	0	0	0	0	0	0	0	0	0	0	0	0	0.00059657	0
d__Bacteria|p__Firmicutes|c__Clostridia|o__Lachnospirales|f__Lachnospiraceae|g__Lachnospiraceae_UCG-006	0	0.002162565	0	0	0	0.000969426	0.001118568	0	0	0	0	0	0	0	0	0
d__Bacteria|p__Firmicutes|c__Clostridia|o__Lachnospirales|f__Lachnospiraceae	0.010663684	0	0	0	0	0	0	0	0	0	0	0	0	0	0	0
d__Bacteria|p__Firmicutes|c__Clostridia|o__Oscillospirales|f__Butyricicoccaceae|g__Butyricicoccus|s__uncultured_bacterium	0	0	0.000745712	0	0	0	0	0	0	0	0	0	0	0	0	0
d__Bacteria|p__Firmicutes|c__Clostridia|o__Oscillospirales|f__Oscillospiraceae	0	0	0	0	0	0	0	0	0	0	0	0	0.000894855	0.001715138	0	0.00059657
d__Bacteria|p__Bacteroidota|c__Bacteroidia|o__Bacteroidales|f__Muribaculaceae|g__Muribaculaceae|s__uncultured_Bacteroidales	0	0.018568233	0.011409396	0.008873975	0.01163311	0.012602535	0.009246831	0.008128262	0.012378822	0.010216257	0	0.005965697	0.009992543	0.00857569	0.010663684	0.015287099
d__Bacteria|p__Firmicutes|c__Bacilli|o__Lactobacillales|f__Lactobacillaceae|g__Lactobacillus	0	0	0	0	0	0	0	0	0	0	0	0	0	0	0	0.000521999
d__Bacteria|p__Firmicutes|c__Clostridia|o__Lachnospirales|f__Lachnospiraceae	0	0	0	0	0	0	0	0	0	0	0.001043997	0	0	0	0	0
d__Bacteria|p__Firmicutes|c__Clostridia|o__Lachnospirales|f__Lachnospiraceae	0	0	0	0	0	0.001789709	0	0	0	0	0	0	0	0	0	0
d__Bacteria|p__Firmicutes|c__Bacilli|o__Lactobacillales|f__Lactobacillaceae|g__Lactobacillus	0	0	0	0	0	0	0	0	0.000149142	0	0	0	0	0	0	0
d__Bacteria|p__Firmicutes|c__Clostridia|o__Oscillospirales|f__Butyricicoccaceae|g__Butyricicoccus|s__uncultured_bacterium	0	0	0	0	0	0	0	0	7.46E-05	0	0.000745712	0	0	0	0	0.000521999
d__Bacteria|p__Firmicutes|c__Bacilli|o__RF39|f__RF39|g__RF39|s__uncultured_bacterium	0	0	0	0	0	0.00059657	0.000447427	0	0	0	0	0	0	0	0	0
d__Bacteria|p__Firmicutes|c__Bacilli|o__Lactobacillales|f__Streptococcaceae|g__Streptococcus|s__Streptococcus_danieliae	0.002386279	0.000223714	0	0	0	0.00186428	0.000745712	0.00059657	0	0.000372856	0	0	0	0	0	0
d__Bacteria|p__Firmicutes|c__Clostridia|o__Lachnospirales|f__Lachnospiraceae|g__Lachnospiraceae_NK4A136_group	0.00186428	0	0	0	0.000671141	0.001118568	0.001491424	0.000820283	0	0	0.000894855	7.46E-05	0	0	0	0
d__Bacteria|p__Firmicutes|c__Clostridia|o__Lachnospirales|f__Lachnospiraceae	0.00305742	0	0.003281133	0	0	0	0	0	0	0	0.002162565	0	0.002908277	0.001043997	0	0
d__Bacteria|p__Firmicutes|c__Clostridia|o__Lachnospirales|f__Lachnospiraceae|g__[Eubacterium]_ventriosum_group|s__uncultured_Clostridiales	0.006413125	0.000298285	0.00059657	0.005891126	0.000894855	0.002684564	0.00365399	0.006935123	0.000820283	0	0.002311708	0.003355705	0	0	0.003206562	0.003281133
d__Bacteria|p__Firmicutes|c__Bacilli|o__Bacillales|f__Bacillaceae|g__Bacillus|s__Lactobacillus_vaginalis	0	0	0	0	0	0	0	0	0	0	0	0	0	0.000745712	0	0
d__Bacteria|p__Firmicutes|c__Clostridia|o__Lachnospirales|f__Lachnospiraceae|g__Lachnospiraceae_NK4A136_group	0	0	0.006413125	0	0	0	0	0.002013423	0	0.005219985	0	0	0	0	0	0.000969426
d__Bacteria|p__Firmicutes|c__Clostridia|o__Lachnospirales|f__Lachnospiraceae|g__Lachnospiraceae_NK4A136_group	0	0	0	0	0	0.004772558	0.003355705	0	0	0	0	0	0	0	0	0
d__Bacteria|p__Firmicutes|c__Bacilli|o__Erysipelotrichales|f__Erysipelatoclostridiaceae|g__Erysipelatoclostridium|s__unidentified	0	0	0	0	0	0	0	0.000820283	0	0	0	0	0	0	0	0
d__Bacteria|p__Firmicutes|c__Clostridia|o__Lachnospirales|f__Lachnospiraceae	0	0	0	0	0	0	0.000820283	0	0	0	0	0	0	0	0	0
d__Bacteria|p__Firmicutes|c__Clostridia|o__Oscillospirales|f__Oscillospiraceae	0	0	0	0	0	0	0	0	0	0	0	0	0	0.000298285	0	0
d__Bacteria|p__Firmicutes|c__Clostridia|o__Lachnospirales|f__Lachnospiraceae	0.000820283	0	0	0	0	0	0	0	0	0	0	0	0	0	0	0
d__Bacteria|p__Bacteroidota|c__Bacteroidia|o__Bacteroidales|f__Muribaculaceae|g__Muribaculaceae	0	0	0	0	0	0	0	0	0	0	0	0	0.001043997	0.000149142	0.000969426	0
d__Bacteria|p__Firmicutes|c__Clostridia|o__Clostridia_UCG-014|f__Clostridia_UCG-014|g__Clostridia_UCG-014	0	0	0	0	0	0.000372856	0.001342282	0.000447427	0	0.001267711	0.000820283	0	0	0.000969426	0	0
d__Bacteria|p__Firmicutes|c__Clostridia|o__Oscillospirales|f__Oscillospiraceae|g__Intestinimonas	0	0.000149142	0	0	0	0	0.000745712	0	0	0	0.001565996	0	0.001267711	0	0	0.00059657
d__Bacteria|p__Firmicutes|c__Clostridia|o__Lachnospirales|f__Lachnospiraceae	0	0	0	0	0	0	0	0	0	0	0	0	0	0	0	0.00059657
d__Bacteria|p__Firmicutes|c__Clostridia|o__Lachnospirales|f__Lachnospiraceae	0	0	0	0	0	0	0	0	0	0	0.001342282	0	0	0	0	0
d__Bacteria|p__Firmicutes|c__Clostridia|o__Lachnospirales|f__Lachnospiraceae|g__GCA-900066575|s__uncultured_bacterium	0.000671141	0	0	0	0	0	0	0	0	0	0	0	0	0	0	0
d__Bacteria|p__Deferribacterota|c__Deferribacteres|o__Deferribacterales|f__Deferribacteraceae|g__Mucispirillum|s__Mucispirillum_schaedleri	0.006935123	0.000820283	0	0	0.000671141	0	0.000969426	0	0.000372856	0.002535421	0.010961969	0.000447427	0.011409396	0.006487696	0.001193139	0.005294556
d__Bacteria|p__Bacteroidota|c__Bacteroidia|o__Bacteroidales|f__Muribaculaceae|g__Muribaculaceae|s__uncultured_bacterium	0	0	0	0	0	0	0	0	0	0	0	0	0.000298285	0	0	0
d__Bacteria|p__Desulfobacterota|c__Desulfovibrionia|o__Desulfovibrionales|f__Desulfovibrionaceae|g__uncultured|s__uncultured_Desulfovibrionales	0	0.000298285	0	0	0	0	0.000447427	0	0	0.000745712	0.000447427	0	0.000894855	0	0.000372856	0.000521999
d__Bacteria|p__Firmicutes|c__Clostridia|o__Lachnospirales|f__Lachnospiraceae	0	0.006040268	0.001118568	0	0	0.001416853	0	0	0	0	0	0	0.00186428	0	0	0.000671141
d__Bacteria|p__Firmicutes|c__Clostridia|o__Clostridia_UCG-014|f__Clostridia_UCG-014|g__Clostridia_UCG-014	0	0	0	0	0	0	0	0	0	0	0	0	0	0.000521999	0	0
d__Bacteria|p__Firmicutes|c__Bacilli|o__Lactobacillales|f__Lactobacillaceae|g__Lactobacillus	0	0	0	0	0	0	0	0	0	0	0.00059657	0	0	0	0	0
d__Bacteria|p__Firmicutes|c__Clostridia|o__Oscillospirales|f__Ruminococcaceae|g__uncultured	0.000820283	0	0	0	0	7.46E-05	0	0	0	0	0.000447427	0	0	0	0	0
d__Bacteria|p__Firmicutes|c__Bacilli|o__Staphylococcales|f__Staphylococcaceae|g__Staphylococcus	0	0	0	0.00059657	0	0.002237136	0	0	0	0	0	0	0	0	0	0
d__Bacteria|p__Firmicutes|c__Bacilli|o__Lactobacillales|f__Lactobacillaceae|g__Lactobacillus	0	0	0	0	0	0.000372856	0	0	0	0	0	0	0	0	0	0
d__Bacteria|p__Firmicutes|c__Clostridia|o__Lachnospirales|f__Lachnospiraceae	0	0	0	0	0	0	0	0	0	0	0.000745712	0	0	0	0	0
d__Bacteria|p__Firmicutes|c__Clostridia|o__Oscillospirales|f__Oscillospiraceae|g__Colidextribacter	0	0	0	0	0	0	0	0	0	0	0	0	0	0.001938852	0	0
d__Bacteria|p__Firmicutes|c__Clostridia|o__Oscillospirales|f__Ruminococcaceae|g__Incertae_Sedis|s__uncultured_bacterium	0	0	0	0.00059657	0	0	0	0	0	0	0	0	0	0	0	0
d__Bacteria|p__Actinobacteriota|c__Actinobacteria|o__Bifidobacteriales|f__Bifidobacteriaceae|g__Bifidobacterium	0	0	0	0	0	0	0	0	0	0	0.00059657	0	0	0.015212528	0.000521999	0
d__Bacteria|p__Firmicutes|c__Clostridia|o__Oscillospirales|f__Oscillospiraceae|g__Oscillibacter|s__uncultured_bacterium	0	0	0	0	0	0	0	0	0	0	0.001193139	0	0	0	0	0
d__Bacteria|p__Firmicutes|c__Clostridia|o__Clostridia_UCG-014|f__Clostridia_UCG-014|g__Clostridia_UCG-014	0.007158837	0	0	0	0	0	0	0	0	0.000820283	0.000223714	0	0	0	0	0
d__Bacteria|p__Firmicutes|c__Clostridia|o__Lachnospirales|f__Lachnospiraceae	0	0	0	0	0	0	0.007829978	0	0	0	0	0	0	0.000820283	0	0
d__Bacteria|p__Firmicutes|c__Bacilli|o__Lactobacillales|f__Lactobacillaceae|g__Lactobacillus	0	0	0	0	0	0	0	0	0	0	0	0	0	0	0	7.46E-05
d__Bacteria|p__Firmicutes|c__Clostridia|o__Oscillospirales|f__Ruminococcaceae|g__Incertae_Sedis|s__uncultured_bacterium	0	0	0	0	0	0	0	0	0	0	0	0	0.001789709	0	0	0
d__Bacteria|p__Firmicutes|c__Clostridia|o__Lachnospirales|f__Lachnospiraceae|g__Lachnoclostridium	0	0	0	0	0	0	0	0	0	0	0	0	0.004101417	0	0	0
d__Bacteria|p__Firmicutes|c__Bacilli|o__Lactobacillales|f__Lactobacillaceae|g__Lactobacillus	0	0	0	0	0	0	0	0	0	0	0.002609993	0	0	0	0	0
d__Bacteria|p__Bacteroidota|c__Bacteroidia|o__Bacteroidales|f__Muribaculaceae|g__Muribaculaceae|s__uncultured_bacterium	0	0	0	0	0	0	0	0	0	0	0	0.000521999	0.001193139	0	0	0.000372856
d__Bacteria|p__Firmicutes|c__Clostridia|o__Lachnospirales|f__Lachnospiraceae	0.001193139	0	0	0	0	0	0	0	0	0	0.000745712	0	0	0	0	0
d__Bacteria|p__Firmicutes|c__Clostridia|o__Lachnospirales|f__Lachnospiraceae	0	0	0	0	0	0	0.000223714	0	0	0	0	0	0	0	0	0
d__Bacteria|p__Firmicutes|c__Bacilli|o__Lactobacillales|f__Lactobacillaceae|g__Lactobacillus	0	0	0	0	0	0	0	0	0	0	0	0	0	0.000298285	0	0
d__Bacteria|p__Firmicutes|c__Clostridia|o__Oscillospirales|f__Oscillospiraceae|g__Oscillibacter	0	0	0	0	0	0	0	0	0	0.001789709	0	0	0	0	0	0
d__Bacteria|p__Firmicutes|c__Clostridia|o__Lachnospirales|f__Lachnospiraceae	0	0.001043997	0	0	0	0	0	0	0	0	0	0	0	0	0	0
d__Bacteria|p__Firmicutes|c__Clostridia|o__Lachnospirales|f__Lachnospiraceae	0.002833706	0	0	0	0	0	0	0	0	0	0	0	0	0	0	0
d__Bacteria|p__Firmicutes|c__Bacilli|o__Lactobacillales|f__Lactobacillaceae|g__Lactobacillus	0	0	7.46E-05	0	0	0	0	0	0	0	0	0	0	0	0	0
d__Bacteria|p__Firmicutes|c__Clostridia|o__Lachnospirales|f__Lachnospiraceae	0	0	0	0	0	0	0	0	0	0.001715138	0	0	0	0	0	0
d__Bacteria|p__Firmicutes|c__Clostridia|o__Oscillospirales|f__Ruminococcaceae|g__Incertae_Sedis|s__uncultured_bacterium	7.46E-05	0	0	0	0	0	0	0	0	0	0	0	0	0	0	0
d__Bacteria|p__Bacteroidota|c__Bacteroidia|o__Bacteroidales|f__Bacteroidaceae|g__Bacteroides	0	0.059358688	0.018195377	0.020059657	0.024906786	0.010514541	0.017598807	0.049589858	0.014914243	0.025652498	0.009023117	0.013944817	0.028784489	0.018195377	0.013124534	0.020208799
d__Bacteria|p__Bacteroidota|c__Bacteroidia|o__Bacteroidales|f__Muribaculaceae|g__Muribaculaceae	0	0	0	0	0	0	0	0	0	0	0	0.000372856	0	0	0	0
d__Bacteria|p__Bacteroidota|c__Bacteroidia|o__Bacteroidales|f__Bacteroidaceae|g__Bacteroides|s__Bacteroides_vulgatus	0	0	0	0	0	0	0	0	0	0	0	0	0	0.000149142	0	0
d__Bacteria|p__Bacteroidota|c__Bacteroidia|o__Bacteroidales|f__Rikenellaceae|g__Alistipes|s__uncultured_bacterium	0	0.000521999	0	0.005443699	0.001715138	0.010887397	0.005145414	0.013049963	0.003877703	0.044519016	0.007904549	0.012677107	0.014615958	0.007531693	0.005145414	7.46E-05
d__Bacteria|p__Bacteroidota|c__Bacteroidia|o__Bacteroidales|f__Muribaculaceae|g__Muribaculaceae|s__uncultured_Bacteroidales	0	0	0	0	0	0	0	0	0	0	0	0	0	0.000372856	0	0
d__Bacteria|p__Firmicutes|c__Bacilli|o__Lactobacillales|f__Lactobacillaceae|g__Lactobacillus	0.160775541	0.073079791	0.182997763	0.237956749	0.111931394	0.186950037	0.108650261	0.074794929	0.318568233	0.260775541	0.345935869	0.599254288	0.071290082	0.239373602	0.29142431	0.516778523
d__Bacteria|p__Firmicutes|c__Clostridia|o__Oscillospirales|f__Oscillospiraceae	0	0	0	0	0.000745712	0	0	0	0	0	0.001043997	0	0	0	0	0
d__Bacteria|p__Firmicutes|c__Clostridia|o__Oscillospirales|f__Ruminococcaceae|g__Anaerotruncus|s__uncultured_bacterium	0.003579418	0.000894855	0.001118568	0.00059657	0	0	0.001267711	0	0.000372856	0.000521999	0.000745712	0	0	0	0	0
d__Bacteria|p__Firmicutes|c__Bacilli|o__Lactobacillales|f__Lactobacillaceae|g__Lactobacillus	0	0	0	0	0	0	0	0	0	0.000372856	0	0	0	0	0	0
d__Bacteria|p__Firmicutes|c__Clostridia|o__Clostridia_vadinBB60_group|f__Clostridia_vadinBB60_group|g__Clostridia_vadinBB60_group|s__unidentified	0	0	0	0	0.000298285	0	0	0	0	0	0	0	0	0	0	0
d__Bacteria|p__Firmicutes|c__Clostridia|o__Lachnospirales|f__Lachnospiraceae|g__Blautia|s__unidentified	0	0	0	0	0	0.00059657	0.000671141	0.000298285	0	0.000671141	0	0.000149142	0.000894855	0	0	0
d__Bacteria|p__Firmicutes|c__Clostridia|o__Lachnospirales|f__Lachnospiraceae	0.006711409	0	0.00059657	0	0	0.000820283	0.000671141	0	0	0	0	0	0.002982849	0	0	0
d__Bacteria|p__Firmicutes|c__Clostridia|o__Lachnospirales|f__Lachnospiraceae|g__Roseburia|s__Clostridium_sp.	0	0	0	0	0	0	0	0	0	0.000372856	0	0	0	0	0	0
d__Bacteria|p__Firmicutes|c__Clostridia|o__Lachnospirales|f__Lachnospiraceae|g__Lachnospiraceae_NK4A136_group	0	0	0	0	0	0	0	0	0	0	0.001416853	0	0.004026846	0	0	0
d__Bacteria|p__Firmicutes|c__Clostridia|o__Lachnospirales|f__Lachnospiraceae|g__Lachnospiraceae_NK4A136_group	0	0	0	0	0	0.00611484	0	0	0.001491424	0	0.003131991	0	0.02207308	0.007829978	0	0
d__Bacteria|p__Firmicutes|c__Bacilli|o__RF39|f__RF39|g__RF39|s__unidentified	0	0	0	0	0	0	0.000372856	0	0	0	0	0	0	0	0	0
d__Bacteria|p__Firmicutes|c__Bacilli|o__Lactobacillales|f__Lactobacillaceae|g__Lactobacillus|s__gut_metagenome	0	0	0	0	0	0	0	0	0	0.000223714	0	0	0	0	0	0
d__Bacteria|p__Firmicutes|c__Clostridia|o__Oscillospirales|f__Ruminococcaceae|g__Incertae_Sedis|s__Clostridium_sp.	0	0	0	0	0	0	0.000969426	0	0	0	0	0	0	0	0	0
d__Bacteria|p__Firmicutes|c__Clostridia|o__Lachnospirales|f__Lachnospiraceae|g__GCA-900066575|s__uncultured_bacterium	0	0	0	0	0	0	0	0	0	0	0	0	0.001267711	0	0	0
d__Bacteria|p__Bacteroidota|c__Bacteroidia|o__Bacteroidales|f__Muribaculaceae|g__Muribaculaceae	0	0	0.000447427	0	0	0	0	0	0	0	0	0	0	0.000372856	0	0
d__Bacteria|p__Firmicutes|c__Bacilli|o__Lactobacillales|f__Lactobacillaceae|g__Lactobacillus	0	0	0	0	0	0	0.000223714	0	0	0	0	0	0	0	0	0
d__Bacteria|p__Firmicutes|c__Clostridia|o__Lachnospirales|f__Lachnospiraceae|g__Lachnospiraceae_NK4A136_group	0	0	0	0.001789709	0.005219985	0	0	0.006189411	0	0	0.007680835	0	0.022818792	0.011782252	0.001491424	0.006785981
d__Bacteria|p__Firmicutes|c__Clostridia|o__Lachnospirales|f__Lachnospiraceae|g__[Eubacterium]_oxidoreducens_group|s__uncultured_bacterium	0.000298285	0	0	0	0	0	0	0	0	0	0	0	0	0	0	0
d__Bacteria|p__Firmicutes|c__Clostridia|o__Oscillospirales|f__Oscillospiraceae	0.000372856	0	0	0	0	0.001043997	0	0	0	0	0.000671141	0	0	0	0	0
d__Bacteria|p__Firmicutes|c__Bacilli|o__Lactobacillales|f__Lactobacillaceae|g__Lactobacillus	0	0	0	0	0	0	0	7.46E-05	0	0	0	0	0	0	0	0
d__Bacteria|p__Firmicutes|c__Clostridia|o__Lachnospirales|f__Lachnospiraceae	0.000223714	0	0	0	7.46E-05	0.001416853	0.004250559	0.001715138	0.000820283	0	0	0	0	0	0	0
d__Bacteria|p__Firmicutes|c__Clostridia|o__Lachnospirales|f__Lachnospiraceae|g__Lachnoclostridium	0.001789709	0	0	0	0	0	0.001118568	0	0	0.003131991	0	0	0	0	0	0
d__Bacteria|p__Firmicutes|c__Clostridia|o__Oscillospirales|f__Oscillospiraceae	0	0	0	0	0	0	0.000969426	0	0	0	0.00059657	0	0	0	0	0
d__Bacteria|p__Firmicutes|c__Clostridia|o__Lachnospirales|f__Lachnospiraceae	0.000820283	0	0	0	0	0	0	0	0	0	0.000671141	0	0	0	0	0
d__Bacteria|p__Firmicutes|c__Clostridia|o__Oscillospirales|f__Ruminococcaceae|g__Incertae_Sedis|s__uncultured_bacterium	0	0	0	0	0	0.000149142	0	0	0	0	0	0	0	0	0	0
d__Bacteria|p__Firmicutes|c__Clostridia|o__Lachnospirales|f__Lachnospiraceae|g__Blautia	0	0.000521999	0.002087994	0	0	0	0.001342282	0	0.000447427	0.001491424	0	0	0	0	0	0
d__Bacteria|p__Firmicutes|c__Clostridia|o__Lachnospirales|f__Lachnospiraceae	0	0	0	0	0.000372856	0.000969426	0.001193139	0	0	0	0	0	0	0	0	0
d__Bacteria|p__Verrucomicrobiota|c__Verrucomicrobiae|o__Verrucomicrobiales|f__Akkermansiaceae|g__Akkermansia	0	0.000298285	0	0	0	0	0	0	0	0	0	0	0.001416853	0	0	0
d__Bacteria|p__Firmicutes|c__Clostridia|o__Clostridia_vadinBB60_group|f__Clostridia_vadinBB60_group|g__Clostridia_vadinBB60_group|s__uncultured_bacterium	0	0	0	0	0	0	0	0	0	0	0	0	0	0.000521999	0	0
d__Bacteria|p__Bacteroidota|c__Bacteroidia|o__Bacteroidales|f__Rikenellaceae|g__Alistipes|s__uncultured_bacterium	0	0	0	0	0	0	0	0.000372856	0	0	0	0	0	0	0	0
d__Bacteria|p__Firmicutes|c__Bacilli|o__Lactobacillales|f__Lactobacillaceae|g__Lactobacillus|s__Lactobacillus_intestinalis	0	0	0	0	0	0	0	0	0	0	0	0	0.000149142	0	0	0
d__Bacteria|p__Firmicutes|c__Clostridia|o__Lachnospirales|f__Lachnospiraceae	0	0	0	0	0	0	0	0	0	0	0.001416853	0	0.003728561	0	0	0
d__Bacteria|p__Firmicutes|c__Clostridia|o__Lachnospirales|f__Lachnospiraceae	0	0	0	0	0	0	0	0	0	0	0	0	0	0.001193139	0	0
d__Bacteria	0	0	0	0	0	0	0	0	0	0	0	0	0	0.000149142	0	0
d__Bacteria|p__Firmicutes|c__Bacilli|o__Lactobacillales|f__Aerococcaceae|g__Aerococcus	0	0	0	0	0.000521999	0.001342282	0	0.000820283	0.000223714	0	0	0	0	0	0	0
d__Bacteria|p__Campilobacterota|c__Campylobacteria|o__Campylobacterales|f__Helicobacteraceae|g__Helicobacter|s__Helicobacter_marmotae	0	0	0	0	0	0	0	0	0	0	0	0	0	0.000223714	0	0
d__Bacteria|p__Firmicutes|c__Clostridia|o__Clostridia_vadinBB60_group|f__Clostridia_vadinBB60_group|g__Clostridia_vadinBB60_group|s__unidentified	0	0	0	0	0	0	0.000447427	0	0	0	0	0	0	0	0	0
d__Bacteria|p__Bacteroidota|c__Bacteroidia|o__Bacteroidales|f__Muribaculaceae|g__Muribaculaceae|s__uncultured_Bacteroidales	0	0	0	0	0.00059657	0.000894855	0	0.000745712	0	0	0	0.00186428	0	0	0	0
d__Bacteria|p__Bacteroidota|c__Bacteroidia|o__Bacteroidales|f__Bacteroidaceae|g__Bacteroides|s__Bacteroides_vulgatus	0	0.001267711	0	0	0	0	0	0	0	0	0	0	0	0	0	0
d__Bacteria|p__Firmicutes|c__Clostridia|o__Lachnospirales|f__Lachnospiraceae	0	0	0	0	0	0	0	0	0	0	0.000894855	0	0	0	0	0
d__Bacteria|p__Firmicutes|c__Clostridia|o__Clostridia_UCG-014|f__Clostridia_UCG-014|g__Clostridia_UCG-014	0	0	0	0	0	0	0	0	0	0.002311708	0	0	0	0	0	0
d__Bacteria|p__Firmicutes|c__Clostridia|o__Lachnospirales|f__Lachnospiraceae|g__Lachnospiraceae_NK4A136_group|s__uncultured_bacterium	0.001789709	0	0	0.001043997	0.001267711	0	0.001118568	0	0.001715138	0	0	0	0	0	0	0
d__Bacteria|p__Firmicutes|c__Clostridia|o__Oscillospirales|f__Ruminococcaceae|g__uncultured|s__uncultured_bacterium	0	0	0	0	0	0	0	0	0	0	0	0	0	0	0	0.000223714
d__Bacteria|p__Firmicutes|c__Clostridia|o__Lachnospirales|f__Lachnospiraceae|g__Lachnospiraceae_NK4A136_group|s__uncultured_Clostridiales	0.072706935	0	0	0.024310216	0.003877703	0.00186428	0.052572707	0.006860552	0	0.002684564	0.112080537	0	0.019164802	0.002908277	0.001342282	0.02453393
d__Bacteria|p__Firmicutes|c__Clostridia|o__Clostridia_vadinBB60_group|f__Clostridia_vadinBB60_group|g__Clostridia_vadinBB60_group	0	0	0	0	0	0	0	0	0	0	0	0.000223714	0	0	0	0
d__Bacteria|p__Firmicutes|c__Clostridia|o__Lachnospirales|f__Lachnospiraceae|g__Marvinbryantia|s__Clostridiales_bacterium	0	0	0	0.00186428	0	0.000745712	0.000745712	0.002311708	0	0.000820283	0	0	0.001342282	0	0	0.000223714
d__Bacteria|p__Firmicutes|c__Clostridia|o__Oscillospirales|f__Oscillospiraceae|g__Oscillibacter|s__uncultured_bacterium	0.006413125	0	0	0	0	0	0	0	0	0	0	0	0	0	0	0.001118568
d__Bacteria|p__Bacteroidota|c__Bacteroidia|o__Bacteroidales|f__Muribaculaceae|g__Muribaculaceae|s__uncultured_bacterium	0	0	0.00059657	0.000521999	0.001640567	0.001416853	0.00059657	0	0.000894855	0	0	0.000298285	0	0	0.000894855	0
d__Bacteria|p__Firmicutes|c__Clostridia|o__Oscillospirales|f__Ruminococcaceae|g__uncultured	0	0	0.000894855	0	0	0	0	0	0	0	0	0	0	0	0	0
d__Bacteria|p__Firmicutes|c__Clostridia|o__Lachnospirales|f__Lachnospiraceae	0.001043997	0	0	0	0	0	0	0	0	0	0	0	0	0	0	0
d__Bacteria|p__Bacteroidota|c__Bacteroidia|o__Bacteroidales|f__Rikenellaceae|g__Alistipes	0	7.46E-05	0	0	0	0	0	0	0	0.000223714	0	0	0	0	0	0
d__Bacteria|p__Firmicutes|c__Clostridia|o__Clostridia_vadinBB60_group|f__Clostridia_vadinBB60_group|g__Clostridia_vadinBB60_group|s__uncultured_bacterium	0	0	0	0	0	0	0	0	0	0.002982849	0	0	0	0	0	0
d__Bacteria|p__Firmicutes|c__Clostridia|o__Lachnospirales|f__Lachnospiraceae	0	0.139299031	0	0	0	0	0	0	0	0	0	0	0	0	0	0
d__Bacteria|p__Firmicutes|c__Bacilli	0.08463833	0.206413125	0.140715884	0.180089485	0.105219985	0.068232662	0.099328859	0.135197614	0.16196868	0.056897837	0.001118568	0	0.058389262	0.088068606	0.052274422	0.013124534
d__Bacteria|p__Firmicutes|c__Clostridia|o__Oscillospirales|f__Oscillospiraceae|g__uncultured|s__uncultured_bacterium	0.001193139	0	0	0	0.000820283	0.001640567	0.001416853	0	0	0.003430276	0.003131991	0	0.004250559	0.004250559	0	0.000820283
d__Bacteria|p__Firmicutes|c__Clostridia|o__Oscillospirales|f__Oscillospiraceae|g__Oscillibacter	0	0	0	0	0	0	0	0	0	0	0	0	7.46E-05	0	0	0
d__Bacteria|p__Firmicutes|c__Clostridia|o__Lachnospirales|f__Lachnospiraceae	0.002087994	0	0	0	0	0	0	0	0	0.001043997	0	0	0	0	0	0
d__Bacteria|p__Firmicutes|c__Clostridia|o__Lachnospirales|f__Lachnospiraceae	0	0	0	0	0	0	0	0	0	0	0.001565996	0	0	0	0	0
d__Bacteria|p__Bacteroidota|c__Bacteroidia|o__Bacteroidales|f__Muribaculaceae|g__Muribaculaceae|s__uncultured_bacterium	0	0.000223714	0.000223714	0	0.000149142	0	0	0	0	0	0	0.000298285	0	0.000894855	0.000223714	0.00059657
d__Bacteria|p__Firmicutes|c__Clostridia|o__Lachnospirales|f__Lachnospiraceae	0	0	0	0	0	0	0.006562267	0	0	0.002013423	0	0	0	0	0	0.000447427
d__Bacteria|p__Firmicutes|c__Bacilli|o__Lactobacillales|f__Lactobacillaceae|g__Lactobacillus	0	0	0	0	0	0	0	0	0	0.000447427	0	0	0	0	0	0
d__Bacteria|p__Firmicutes|c__Clostridia|o__Oscillospirales|f__Ruminococcaceae|g__UBA1819|s__uncultured_bacterium	0	0	0	0	0	0	0	0	0	0	0	0	0.000372856	0	0	0
d__Bacteria|p__Firmicutes|c__Bacilli|o__Erysipelotrichales|f__Erysipelatoclostridiaceae|g__Erysipelatoclostridium|s__unidentified	0	0.000372856	0	0	0.001193139	0	7.46E-05	0	0	0	0	0	0	0	0	0
d__Bacteria|p__Firmicutes|c__Clostridia|o__Christensenellales|f__Christensenellaceae|g__Christensenellaceae|s__Christensenella_sp.	0	0	0	0	0	0	0	0	0	0	0	0.000149142	0	0	0	0
d__Bacteria	0	0	0	0	0	0	0	0	0	0.000149142	0	0	0	0	0	0
d__Bacteria|p__Firmicutes|c__Clostridia|o__Lachnospirales|f__Lachnospiraceae	0.00059657	0	0	0	0	0	0	0	0	0	0	0	0.001118568	0	0	0
d__Bacteria|p__Firmicutes|c__Clostridia|o__Clostridia_vadinBB60_group|f__Clostridia_vadinBB60_group|g__Clostridia_vadinBB60_group	0	0	0	0	0.00059657	0	0	0	0	0	0	0	0	0	0	0
d__Bacteria|p__Firmicutes|c__Bacilli	0	0	0	0	0	0	0	0.000223714	0	0	0	0	0	0	0	0
d__Bacteria|p__Firmicutes|c__Clostridia|o__Oscillospirales|f__Oscillospiraceae	0	0	0	0	0	0	0	0	0	0	0.001043997	0	0	0	0	0
d__Bacteria|p__Firmicutes|c__Clostridia|o__Lachnospirales|f__Lachnospiraceae	0	0	0.000671141	0	0	0	0	0	0	0	0	0	0	0	0	0
d__Bacteria|p__Desulfobacterota|c__Desulfovibrionia|o__Desulfovibrionales|f__Desulfovibrionaceae|g__Desulfovibrio|s__uncultured_bacterium	0	0.00551827	0.014168531	0.002311708	0	0.002386279	0.001715138	0	0.001342282	0.008277405	0.00432513	0.000671141	0.010663684	0.000894855	0.003131991	0.003281133
d__Bacteria|p__Firmicutes|c__Bacilli|o__Lactobacillales|f__Lactobacillaceae|g__Lactobacillus	0	0	0.002386279	0	0	0	0	0	0	0.005891126	0	0	0	0	0	0
d__Bacteria|p__Firmicutes|c__Clostridia|o__Lachnospirales|f__Lachnospiraceae|g__ASF356|s__uncultured_Clostridiales	0	0	0	0	0	0	0	0	0	0.000149142	0	0	0	0	0	0
d__Bacteria|p__Firmicutes|c__Clostridia|o__Lachnospirales|f__Lachnospiraceae	0	0	0	0	0	0	0	0	0	0.000372856	0	0	0	0	0	0
d__Bacteria|p__Firmicutes|c__Clostridia|o__Lachnospirales|f__Lachnospiraceae	0	0	0	0	0	0.003355705	0	0	0	0.001491424	0	0.001416853	0	0	0.000745712	0.001342282
d__Bacteria|p__Campilobacterota|c__Campylobacteria|o__Campylobacterales|f__Helicobacteraceae|g__Helicobacter	0	0	0	0	0	0	0	0	0	0	0.000447427	0	0	0	0	0
d__Bacteria|p__Bacteroidota|c__Bacteroidia|o__Bacteroidales|f__Muribaculaceae|g__Muribaculaceae|s__uncultured_bacterium	0	0	0	0	0	0.000149142	0	7.46E-05	0	0	0	0.000745712	0	0	0	0
d__Bacteria|p__Firmicutes|c__Clostridia|o__Oscillospirales|f__Butyricicoccaceae|g__UCG-009	0	0	0	0	0	0.000521999	0.00186428	0	0	0	0.001565996	0	0	0	0	7.46E-05
d__Bacteria|p__Bacteroidota|c__Bacteroidia|o__Bacteroidales|f__Bacteroidaceae|g__Bacteroides	0	0.002535421	0	0	0.001118568	0.001342282	0	0.003206562	0	0.001118568	0.001193139	0.00186428	0.001491424	0.001565996	0.001267711	0
d__Bacteria|p__Firmicutes|c__Clostridia|o__Oscillospirales|f__[Eubacterium]_coprostanoligenes_group|g__[Eubacterium]_coprostanoligenes_group	0	0	0	0	0	0	0.000820283	0	0	0	0	0	0	0	0	0
d__Bacteria|p__Firmicutes|c__Clostridia|o__Lachnospirales|f__Lachnospiraceae	0.000372856	0	0	0	0	0.000969426	0	0	0	0	0	0	0	0	0	0
d__Bacteria|p__Firmicutes|c__Bacilli|o__Lactobacillales|f__Lactobacillaceae|g__Lactobacillus	0	0	0	0	0	0.000298285	0	0	0	0	0	0	0	0	0	0
d__Bacteria|p__Firmicutes|c__Clostridia|o__Lachnospirales|f__Lachnospiraceae	0	0.001416853	0	0	0	0	0	0	0	0	0	0	0.000969426	0	0	0
d__Bacteria|p__Bacteroidota|c__Bacteroidia|o__Bacteroidales|f__Rikenellaceae|g__Alistipes|s__uncultured_bacterium	0	0	0	0	0	0	0	0	0	0	0	0	0.000298285	0	0	0
d__Bacteria|p__Firmicutes|c__Bacilli|o__Lactobacillales|f__Lactobacillaceae|g__Lactobacillus	0	0	0	0	0	0.000298285	0	0	0	0	0	0	0	0	0	0
d__Bacteria|p__Firmicutes|c__Clostridia|o__Lachnospirales|f__Lachnospiraceae|g__Roseburia|s__uncultured_bacterium	0	0	0.001416853	0	0	0	0.000447427	0	0	0	0	0	0	0	0	0
d__Bacteria|p__Firmicutes|c__Clostridia|o__Lachnospirales|f__Lachnospiraceae|g__Lachnospiraceae_NK4A136_group	0.001491424	0	0	0	0	0	0	0	0	0	0.001118568	0	0	0	0	0.001043997
d__Bacteria|p__Bacteroidota|c__Bacteroidia|o__Bacteroidales|f__Bacteroidaceae|g__Bacteroides	0	0.00432513	0	0	0	0	0.00059657	0.001193139	0.000149142	0	0	0	0	0	0	0
d__Bacteria|p__Firmicutes|c__Clostridia|o__Oscillospirales|f__Ruminococcaceae|g__Incertae_Sedis	0	0	0	0	0	0	0	0	0	0	0	0	0.00059657	0	0	0
d__Bacteria|p__Firmicutes|c__Clostridia|o__Lachnospirales|f__Lachnospiraceae	0	0	0	0	0	0	0.000298285	0	0	0	0	0	0	0	0	0.000149142
d__Bacteria|p__Firmicutes|c__Clostridia|o__Clostridia_UCG-014|f__Clostridia_UCG-014|g__Clostridia_UCG-014|s__unidentified	0	0	0	0	0	0	0	0	0.000447427	0	0	0	0	0	0	0
d__Bacteria|p__Firmicutes|c__Clostridia|o__Oscillospirales|f__Ruminococcaceae|g__UBA1819|s__uncultured_bacterium	0	0	0	0	0	0	0	0	0	0	0.000223714	0	0	0	0	0
d__Bacteria|p__Bacteroidota|c__Bacteroidia|o__Bacteroidales|f__Muribaculaceae|g__Muribaculaceae	0	0	0	0	0	0	0	0	0.000223714	0	0	0	0	0	0	0
d__Bacteria|p__Firmicutes|c__Clostridia|o__Peptostreptococcales-Tissierellales|f__Peptostreptococcaceae|g__Peptoclostridium|s__uncultured_bacterium	0	0	0	0	0	0	0	0	0	0	0.00059657	0	0	0	0	0
d__Bacteria|p__Bacteroidota|c__Bacteroidia|o__Bacteroidales|f__Muribaculaceae|g__Muribaculaceae|s__uncultured_Bacteroidales	0	0	0	0.000894855	0	0.001715138	0.001491424	0	0.000372856	0.001416853	0	0.000149142	0	0	0	0
d__Bacteria|p__Firmicutes|c__Clostridia|o__Lachnospirales|f__Lachnospiraceae	0	0	0	0	0	0	0.002162565	0	0	0	0	0	0	0	0	0
d__Bacteria|p__Firmicutes|c__Clostridia|o__Clostridia_UCG-014|f__Clostridia_UCG-014|g__Clostridia_UCG-014|s__uncultured_bacterium	0	0	0	0	0	0	0	0	0	0	0	0.000820283	0.001342282	0.004026846	0	0
d__Bacteria|p__Firmicutes|c__Clostridia|o__Lachnospirales|f__Lachnospiraceae|g__Lachnospiraceae_NK4A136_group|s__uncultured_bacterium	0.032438479	0	0.00917226	0.002237136	0	0	0	0.00611484	0	0.009023117	0	0	0	0	0	0.000372856
d__Bacteria|p__Proteobacteria|c__Gammaproteobacteria|o__Burkholderiales|f__Sutterellaceae|g__Parasutterella|s__uncultured_bacterium	0	0	0.001267711	0	0.000298285	0	0.000223714	0.000894855	0	0.000894855	0	0	0	0	0	0
d__Bacteria|p__Firmicutes|c__Clostridia|o__Oscillospirales|f__Oscillospiraceae|g__Oscillibacter	0	0.000671141	0	0	0.000372856	0.00186428	0.002609993	0	0.001118568	0.002535421	0.003206562	0	0.00246085	0.001193139	0	0
d__Bacteria|p__Firmicutes|c__Clostridia|o__Lachnospirales|f__Lachnospiraceae|g__[Eubacterium]_xylanophilum_group|s__uncultured_bacterium	0.028709918	0.001118568	0.012155108	0.003877703	0	0	0	0.002759135	0.001938852	0	0.017002237	0	0.004847129	0	0	0
d__Bacteria|p__Firmicutes|c__Clostridia|o__Lachnospirales|f__Lachnospiraceae|g__Roseburia|s__uncultured_bacterium	0	0	0	0	0.000671141	0	0.000969426	0	0	0	0	0	0	0	0	0
d__Bacteria|p__Firmicutes|c__Clostridia|o__Lachnospirales|f__Lachnospiraceae	0	0	0	0	0	0	0.003579418	0	0	0	0	0	0	0	0	0
d__Bacteria|p__Firmicutes|c__Clostridia|o__Clostridia_UCG-014|f__Clostridia_UCG-014|g__Clostridia_UCG-014	0	0	0	0	0	0	0	0	0	0	0	0	0	0.002087994	0	0
d__Bacteria|p__Firmicutes|c__Clostridia|o__Clostridia_UCG-014|f__Clostridia_UCG-014|g__Clostridia_UCG-014|s__unidentified	0	0	0	0	0	0.000820283	0	0	0	0	0	0	0	0	0	0
d__Bacteria|p__Firmicutes|c__Clostridia|o__Lachnospirales|f__Lachnospiraceae	0	0	0	0	0	0	0	0.000298285	0	0	0	0	0	0	0	0
d__Bacteria|p__Firmicutes|c__Clostridia|o__Lachnospirales|f__Lachnospiraceae	0.000372856	0	0	0	0	0	0	0	0	0	0	0	0	0	0	0
d__Bacteria|p__Firmicutes|c__Clostridia|o__Oscillospirales|f__Oscillospiraceae|g__uncultured	0.000372856	0	0	0	0	0	0.000745712	0	0	0	0.000894855	0	0	0	0	0
d__Bacteria|p__Firmicutes|c__Clostridia|o__Clostridia_UCG-014|f__Clostridia_UCG-014|g__Clostridia_UCG-014|s__unidentified	0	0	0	0	0	0	0	0	0	0	0.00246085	0	0	0.001491424	0	0
d__Bacteria|p__Firmicutes|c__Bacilli|o__Lactobacillales|f__Lactobacillaceae|g__Lactobacillus	0	0	0	0	0	0	0	0	0	0	7.46E-05	0	0	0	0	0
d__Bacteria|p__Firmicutes|c__Clostridia|o__Oscillospirales|f__Oscillospiraceae|g__Oscillibacter	0	0	0	0	0	0	0	0	0	0	0	0	0	0	0	0.000820283
d__Bacteria|p__Proteobacteria|c__Gammaproteobacteria|o__Enterobacterales|f__Enterobacteriaceae|g__Escherichia-Shigella	0.000521999	0	0	0	0	0	0	0	0	0	0	0	0	0	0	0