OTUID,Kingdom, Phylum, Class, Order, Family, Genus, Species
012fd906263ae98fa1e0aeae235e9510,d__Bacteria, p__Firmicutes, c__Clostridia, o__Clostridia_UCG-014, f__Clostridia_UCG-014, g__Clostridia_UCG-014
01526cee3fdf7ad501533f8e79cee802,d__Bacteria, p__Firmicutes, c__Clostridia, o__Lachnospirales, f__Lachnospiraceae, g__Lachnospiraceae_NK4A136_group
017213032a7a4e78be651d3e02fd3513,d__Bacteria, p__Bacteroidota, c__Bacteroidia, o__Bacteroidales, f__Muribaculaceae, g__Muribaculaceae, s__uncultured_bacterium
017b82a4722188c130fadc4ddf15be0f,d__Bacteria, p__Firmicutes, c__Bacilli
01ccc9f9ab02df58812600468f9de4c3,d__Bacteria, p__Firmicutes, c__Clostridia, o__Oscillospirales, f__Ruminococcaceae
01d2339e33c53dfb3e90191f8706855e,d__Bacteria, p__Firmicutes, c__Clostridia, o__Lachnospirales, f__Lachnospiraceae
0221ac31aa16e6e6b7d213958446adeb,d__Bacteria, p__Patescibacteria, c__Saccharimonadia, o__Saccharimonadales, f__Saccharimonadaceae, g__Candidatus_Saccharimonas, s__uncultured_bacterium
02626b339b82d1085401667d702c9ffc,d__Bacteria, p__Campilobacterota, c__Campylobacteria, o__Campylobacterales, f__Helicobacteraceae, g__Helicobacter
029a724311054af606fb9072f47cbbb9,d__Bacteria, p__Firmicutes, c__Clostridia, o__Clostridia_vadinBB60_group, f__Clostridia_vadinBB60_group, g__Clostridia_vadinBB60_group, s__uncultured_bacterium
02b6a4e76404aa80af20252ab6d8edf5,d__Bacteria, p__Firmicutes, c__Clostridia, o__Lachnospirales, f__Lachnospiraceae
02ec4fe076ee71a55f438dc91ac645ba,d__Bacteria, p__Firmicutes, c__Clostridia, o__Oscillospirales, f__Ruminococcaceae, g__uncultured, s__uncultured_bacterium
03827d6322ebbc35fd780b2d59d01775,d__Bacteria, p__Firmicutes, c__Clostridia, o__Lachnospirales, f__Lachnospiraceae
03c9767edaac5ecee0a0bb25c0fbda6d,d__Bacteria, p__Firmicutes, c__Clostridia, o__Oscillospirales, f__Oscillospiraceae, g__uncultured
04be702b895fe5ed0568344daf564276,d__Bacteria, p__Firmicutes, c__Bacilli, o__Staphylococcales, f__Staphylococcaceae, g__Staphylococcus
0524fe2272760ca36fba73e82ad77e74,d__Bacteria, p__Firmicutes, c__Clostridia, o__Lachnospirales, f__Lachnospiraceae, g__A2, s__uncultured_bacterium
05d2e6f2c8c334be6e9cc652426165da,d__Bacteria, p__Firmicutes, c__Clostridia, o__Oscillospirales, f__Ruminococcaceae, g__Incertae_Sedis
0615eff74d0f2f3c25ad85862daab20b,d__Bacteria, p__Firmicutes, c__Bacilli, o__Lactobacillales, f__Lactobacillaceae, g__Lactobacillus
062ce343b799626f07c788c476cb9186,d__Bacteria, p__Firmicutes, c__Clostridia, o__Lachnospirales, f__Lachnospiraceae
064791d92071ba6a21ef57488796dacb,d__Bacteria, p__Firmicutes, c__Clostridia, o__Clostridia_UCG-014, f__Clostridia_UCG-014, g__Clostridia_UCG-014
064ad1ad889da847966bdb0600059b99,d__Bacteria, p__Firmicutes, c__Clostridia, o__Oscillospirales, f__Ruminococcaceae, g__Incertae_Sedis, s__uncultured_organism
076457e2c7128179ea6755249b641f23,d__Bacteria, p__Firmicutes, c__Clostridia, o__Lachnospirales, f__Lachnospiraceae
0782fdaa348dd6fa9b80eae2b6333388,d__Bacteria, p__Bacteroidota, c__Bacteroidia, o__Bacteroidales, f__Rikenellaceae, g__Alistipes, s__uncultured_bacterium
07d6098878b38771be900a15269acf09,d__Bacteria, p__Cyanobacteria, c__Vampirivibrionia, o__Gastranaerophilales, f__Gastranaerophilales, g__Gastranaerophilales
07efe1dcf1b2ba7f941f4c2632ae6957,d__Bacteria, p__Firmicutes, c__Clostridia, o__Oscillospirales, f__Oscillospiraceae, g__Colidextribacter
07fe146a1e0df90b9381a567078cd960,d__Bacteria, p__Firmicutes, c__Clostridia, o__Lachnospirales, f__Lachnospiraceae
08ba5933cb112eadc3c71de7cef9d029,d__Bacteria, p__Firmicutes, c__Clostridia, o__Clostridia_UCG-014, f__Clostridia_UCG-014, g__Clostridia_UCG-014, s__unidentified
08ed17794e8af08e5f0fb28b4e415a5a,d__Bacteria, p__Firmicutes, c__Clostridia, o__Lachnospirales, f__Lachnospiraceae, g__Roseburia
09782ed04138ce2dfa093f0f435b204b,d__Bacteria, p__Firmicutes, c__Clostridia, o__Lachnospirales, f__Lachnospiraceae
09dd561731c0af24b96cc0ba6e57ec9b,d__Bacteria, p__Firmicutes, c__Clostridia, o__Oscillospirales, f__Butyricicoccaceae, g__Butyricicoccus, s__uncultured_bacterium
0a25a8dcca0dcc62ce66d46bfddeda5a,d__Bacteria, p__Firmicutes, c__Clostridia, o__Lachnospirales, f__Lachnospiraceae
0a3f05ad4a67281b9b6560ac3076aa76,d__Bacteria, p__Firmicutes, c__Clostridia, o__Clostridia_vadinBB60_group, f__Clostridia_vadinBB60_group, g__Clostridia_vadinBB60_group, s__unidentified
0a9640c9475123ce8715a72ce95037ad,d__Bacteria, p__Firmicutes, c__Clostridia, o__Oscillospirales, f__Oscillospiraceae, g__uncultured
0b7aa89f029b63c62ebdbbe793c0c65f,d__Bacteria, p__Firmicutes, c__Clostridia, o__Lachnospirales, f__Lachnospiraceae
0b89881c3eddfdba2a3e1f418496b200,d__Bacteria, p__Firmicutes, c__Clostridia, o__Oscillospirales, f__UCG-010, g__UCG-010
0c8683fd3867df9e82c58f1c26e6a136,d__Bacteria, p__Firmicutes, c__Bacilli, o__Lactobacillales, f__Lactobacillaceae, g__Lactobacillus
0d6662ad72a9d229df0cd39a5352cb6b,d__Bacteria, p__Firmicutes, c__Clostridia, o__Clostridia_vadinBB60_group, f__Clostridia_vadinBB60_group, g__Clostridia_vadinBB60_group, s__uncultured_bacterium
0d7dd2a18a632a2029783912f515a73b,d__Bacteria, p__Firmicutes, c__Clostridia, o__Clostridia_vadinBB60_group, f__Clostridia_vadinBB60_group, g__Clostridia_vadinBB60_group, s__uncultured_bacterium
0da03528d09c7777b72cdb2195beab99,d__Bacteria, p__Firmicutes, c__Clostridia, o__Lachnospirales, f__Lachnospiraceae
0da613e8d89cfcdeaa139caf8f2506f5,d__Bacteria, p__Firmicutes, c__Clostridia, o__Oscillospirales, f__Butyricicoccaceae, g__UCG-009, s__uncultured_organism
0debac7bda0e8a1808ee18f1fa0fff95,d__Bacteria, p__Firmicutes, c__Clostridia, o__Lachnospirales, f__Lachnospiraceae, g__[Eubacterium]_xylanophilum_group, s__uncultured_bacterium
0eba0dfaf3894d0cb8ae783668b2816b,d__Bacteria, p__Firmicutes, c__Clostridia, o__Lachnospirales, f__Lachnospiraceae
0eebf22536faa70d10968eb4972b2736,d__Bacteria, p__Proteobacteria, c__Gammaproteobacteria, o__Burkholderiales, f__Sutterellaceae, g__Parasutterella
0f3d5ab93a1bdff74c4c3fbe0ad3206b,d__Bacteria, p__Firmicutes, c__Clostridia, o__Lachnospirales, f__Lachnospiraceae, g__Lachnospiraceae_UCG-006, s__uncultured_bacterium
0fdcb15125926008f79a128031b3448b,d__Bacteria, p__Firmicutes, c__Clostridia, o__Oscillospirales, f__Oscillospiraceae
1099950f329f9b0cc24b900fcc0a0d89,d__Bacteria, p__Firmicutes, c__Clostridia, o__Lachnospirales, f__Lachnospiraceae
10cffeae66880b9c81b6248f39f17562,d__Bacteria, p__Firmicutes, c__Clostridia, o__Oscillospirales, f__Oscillospiraceae, g__Colidextribacter
112adc0ffa68eed2345db733879b40e0,d__Bacteria, p__Firmicutes, c__Clostridia, o__Lachnospirales, f__Lachnospiraceae
114d2848dc929d1a26b8bfa252235155,d__Bacteria, p__Firmicutes, c__Bacilli, o__Lactobacillales, f__Lactobacillaceae, g__Lactobacillus
1183cea45066e2b1d63ee62f59a4d069,d__Bacteria, p__Firmicutes, c__Clostridia, o__Lachnospirales, f__Lachnospiraceae, g__Lachnospiraceae_NK4A136_group
1194d18ebb458c31461a27b976959000,d__Bacteria, p__Firmicutes, c__Bacilli, o__RF39, f__RF39, g__RF39, s__unidentified
11ea8da3179e422f7c55632508ff7ef5,d__Bacteria, p__Bacteroidota, c__Bacteroidia, o__Bacteroidales, f__Muribaculaceae, g__Muribaculaceae
11f677d62a3ec0969a65966eb7050c7f,d__Bacteria, p__Firmicutes, c__Clostridia, o__Lachnospirales, f__Lachnospiraceae
123e8afb142134d5ba98230fad9af166,d__Bacteria, p__Firmicutes, c__Clostridia, o__Lachnospirales, f__Lachnospiraceae, g__Marvinbryantia, s__uncultured_bacterium
12f86a506e45fc587b5b643030d5b629,d__Bacteria, p__Bacteroidota, c__Bacteroidia, o__Bacteroidales, f__Muribaculaceae, g__Muribaculaceae, s__uncultured_bacterium
1427410368a7fecb6d56d735437d5ba1,d__Bacteria, p__Firmicutes, c__Clostridia, o__Lachnospirales, f__Lachnospiraceae
143d26e50f457d01671a14213d117218,d__Bacteria, p__Firmicutes, c__Clostridia, o__Oscillospirales, f__Ruminococcaceae
1499e5ab221fb759ce2d3763ac56b759,d__Bacteria, p__Firmicutes, c__Clostridia, o__Lachnospirales, f__Lachnospiraceae, g__Lachnospiraceae_NK4A136_group, s__Clostridiales_bacterium
14bbdef7888394af48a13ea2bd927db7,d__Bacteria, p__Firmicutes, c__Clostridia, o__Oscillospirales, f__Ruminococcaceae, g__uncultured, s__[Clostridium]_leptum
151e42d762610156c1ecec31f8acfa87,d__Bacteria, p__Firmicutes, c__Clostridia, o__Oscillospirales, f__UCG-010, g__UCG-010, s__uncultured_organism
15a00c122a16115d832cab88e5a4a918,d__Bacteria, p__Firmicutes, c__Clostridia, o__Clostridia_vadinBB60_group, f__Clostridia_vadinBB60_group, g__Clostridia_vadinBB60_group, s__uncultured_bacterium
15f9cc80e07dea12aa7f52aaa52a749e,d__Bacteria, p__Firmicutes, c__Bacilli
160efa2a41c4cec475f79506e42374ca,d__Bacteria, p__Bacteroidota, c__Bacteroidia, o__Bacteroidales, f__Muribaculaceae, g__Muribaculaceae, s__uncultured_bacterium
169426fb63cf4456256ca973996ac586,d__Bacteria, p__Firmicutes, c__Clostridia, o__Lachnospirales, f__Lachnospiraceae
16c6f384c3a28228f7b68b1154c7feec,d__Bacteria, p__Firmicutes, c__Clostridia, o__Lachnospirales, f__Lachnospiraceae
16cd2aac20c25e86ac42480fb9d61b14,d__Bacteria, p__Firmicutes, c__Clostridia, o__Clostridia_vadinBB60_group, f__Clostridia_vadinBB60_group, g__Clostridia_vadinBB60_group, s__unidentified
16d389a6f02ef11e7016e1aadc83f261,d__Bacteria, p__Firmicutes, c__Clostridia, o__Clostridia_UCG-014, f__Clostridia_UCG-014, g__Clostridia_UCG-014
17ab34201671f799caffcc3d27b70a2c,d__Bacteria, p__Firmicutes, c__Clostridia, o__Lachnospirales, f__Lachnospiraceae
183fe7e529396a44d1650b3b478d7314,d__Bacteria, p__Firmicutes, c__Clostridia, o__Lachnospirales, f__Lachnospiraceae
18884cbc0f457899b5467702b80f29b2,d__Bacteria, p__Firmicutes, c__Clostridia, o__Clostridia_UCG-014, f__Clostridia_UCG-014, g__Clostridia_UCG-014
1996e1aa486e155bae39e6865a49c191,d__Bacteria, p__Firmicutes, c__Clostridia, o__Oscillospirales, f__Ruminococcaceae
19d1ac8febd7ed7dcecb8d12eb4954c1,d__Bacteria, p__Firmicutes, c__Clostridia, o__Lachnospirales, f__Lachnospiraceae, g__Lachnospiraceae_NK4A136_group
1a1f4973124dc9816375efc812ac2a21,d__Bacteria, p__Bacteroidota, c__Bacteroidia, o__Bacteroidales, f__Muribaculaceae, g__Muribaculaceae
1a4aa7c6e548084c519369e2661255c6,d__Bacteria, p__Firmicutes, c__Bacilli, o__Lactobacillales, f__Lactobacillaceae, g__Lactobacillus
1a54657afd268b0d7e1d5893d79ad619,d__Bacteria, p__Firmicutes, c__Clostridia, o__Oscillospirales, f__Oscillospiraceae, g__uncultured, s__uncultured_bacterium
1ac26d21ffae184b4aa30672114cac5f,d__Bacteria, p__Firmicutes, c__Clostridia, o__Lachnospirales, f__Lachnospiraceae, g__Lachnospiraceae_NK4A136_group
1b1866acfc4e964443f0a1ab12a7216d,d__Bacteria, p__Firmicutes, c__Clostridia, o__Peptococcales, f__Peptococcaceae, g__uncultured, s__uncultured_bacterium
1b1d113910d331f5ff136ff118ae0258,d__Bacteria, p__Firmicutes, c__Clostridia, o__Lachnospirales, f__Lachnospiraceae, g__uncultured
1b51626e808a16839964bc946cea6daf,d__Bacteria, p__Bacteroidota, c__Bacteroidia, o__Bacteroidales, f__Muribaculaceae, g__Muribaculaceae, s__uncultured_bacterium
1bcc8306e8924428b96b4731de22e4cc,d__Bacteria, p__Firmicutes, c__Clostridia, o__Oscillospirales, f__Ruminococcaceae, g__Negativibacillus, s__unidentified
1be897ba1ae9fde0a82ba4d0c71f159b,d__Bacteria, p__Firmicutes, c__Clostridia, o__Lachnospirales, f__Lachnospiraceae, g__Lachnospiraceae_NK4A136_group
1befc77b7e0b0f10dcc5881704e9db92,d__Bacteria, p__Firmicutes, c__Clostridia, o__Lachnospirales, f__Lachnospiraceae
1c6bc1a18afda1dc4316e54d7cecab99,d__Bacteria, p__Firmicutes, c__Clostridia, o__Lachnospirales, f__Lachnospiraceae, g__Lachnospiraceae_NK4A136_group, s__Lachnospiraceae_bacterium
1c92e8da0f4c5f73d3b4fa51588725d7,d__Bacteria, p__Bacteroidota, c__Bacteroidia, o__Bacteroidales, f__Bacteroidaceae, g__Bacteroides, s__uncultured_bacterium
1d279a1860327ae774e3796a6bb14a9b,d__Bacteria, p__Firmicutes, c__Clostridia, o__Lachnospirales, f__Lachnospiraceae, g__[Eubacterium]_xylanophilum_group, s__uncultured_bacterium
1d38c507dc4df6a761f9eb7fd995f157,d__Bacteria, p__Firmicutes, c__Bacilli, o__Lactobacillales, f__Lactobacillaceae, g__Lactobacillus
1d42257239e8407396cd155b16ad2a3f,d__Bacteria, p__Firmicutes, c__Clostridia, o__Clostridia_UCG-014, f__Clostridia_UCG-014, g__Clostridia_UCG-014
1dcd69ae1c723546e7f87854061452f6,d__Bacteria, p__Firmicutes, c__Clostridia, o__Lachnospirales, f__Lachnospiraceae, g__Lachnospiraceae_NK4A136_group
1dd262d9d575ef6578f11013578935a3,d__Bacteria, p__Firmicutes, c__Clostridia, o__Oscillospirales, f__Oscillospiraceae, g__Colidextribacter
1e088f9138870333c0385bb506f3f8b0,d__Bacteria, p__Firmicutes, c__Clostridia, o__Clostridia_UCG-014, f__Clostridia_UCG-014, g__Clostridia_UCG-014
1e1143b781d6fb2c3c607275ab84f2f7,d__Bacteria, p__Firmicutes, c__Bacilli, o__Lactobacillales, f__Lactobacillaceae, g__Lactobacillus
1e4a25e88c4c547b41d40a6f630c3896,d__Bacteria, p__Firmicutes, c__Clostridia, o__Lachnospirales, f__Lachnospiraceae
1e7899bf6421f1f36b3a84fdfe5e1bfe,d__Bacteria, p__Bacteroidota, c__Bacteroidia, o__Bacteroidales, f__Muribaculaceae, g__Muribaculaceae
1ef8eb325e4c5613e7c5d580951f6217,d__Bacteria, p__Firmicutes, c__Clostridia, o__Clostridia_UCG-014, f__Clostridia_UCG-014, g__Clostridia_UCG-014
1f001c2c28e0efe142b711ae98db6335,d__Bacteria, p__Firmicutes, c__Clostridia, o__Lachnospirales, f__Lachnospiraceae, g__ASF356, s__uncultured_bacterium
1f200ef50380f90d7630860660aa1a2f,d__Bacteria, p__Firmicutes, c__Bacilli, o__Erysipelotrichales, f__Erysipelotrichaceae, g__Erysipelotrichaceae, s__uncultured_bacterium
1f78872e14ef66392dbb931869c134ad,d__Bacteria, p__Actinobacteriota, c__Actinobacteria, o__Bifidobacteriales, f__Bifidobacteriaceae, g__Bifidobacterium
1f7fe50110d76705b612812e25966029,d__Bacteria, p__Firmicutes, c__Clostridia, o__Lachnospirales, f__Lachnospiraceae
20f78d29e3b8a9354bd440d0d1316e34,d__Bacteria, p__Firmicutes, c__Bacilli, o__Bacillales, f__Bacillaceae, g__Bacillus, s__Lactobacillus_vaginalis
2173688f3c2254db2cf905a6c350bf79,d__Bacteria, p__Firmicutes, c__Clostridia, o__Oscillospirales, f__Oscillospiraceae, g__Oscillibacter, s__uncultured_bacterium
21a1e0c27c5db9fe1d5d9cc3a7a044ea,d__Bacteria, p__Firmicutes, c__Clostridia, o__Peptostreptococcales-Tissierellales, f__Anaerovoracaceae, g__[Eubacterium]_nodatum_group
22b84641981d2389b1938b0e5dbdad21,d__Bacteria, p__Firmicutes, c__Bacilli, o__Erysipelotrichales, f__Erysipelatoclostridiaceae, g__Erysipelatoclostridium, s__[Clostridium]_cocleatum
23389a84b5739cc81c733bc0db2d22a7,d__Bacteria, p__Firmicutes, c__Clostridia, o__Lachnospirales, f__Lachnospiraceae
2338e16dcfef0e1b5cb27da81fe59664,d__Bacteria, p__Firmicutes, c__Bacilli
24c4fc8d92f312082431066119d04204,d__Bacteria, p__Firmicutes, c__Clostridia, o__Clostridia_vadinBB60_group, f__Clostridia_vadinBB60_group, g__Clostridia_vadinBB60_group, s__uncultured_bacterium
24dc8767676a9e8ba6de699f80d24e7a,d__Bacteria, p__Firmicutes, c__Bacilli, o__Lactobacillales, f__Lactobacillaceae, g__Lactobacillus, s__uncultured_bacterium
25362e54b2396a81f9e113419dd98905,d__Bacteria, p__Firmicutes, c__Clostridia, o__Clostridia_UCG-014, f__Clostridia_UCG-014, g__Clostridia_UCG-014
25a192f0b729be243d04cc593fdfccce,d__Bacteria, p__Firmicutes, c__Clostridia, o__Oscillospirales, f__Oscillospiraceae, g__Oscillibacter, s__uncultured_bacterium
25f70f12e551826633afa8769428f90a,d__Bacteria, p__Firmicutes, c__Clostridia, o__Oscillospirales, f__Oscillospiraceae
2600eb1fc8569dc356b031c82a282aa0,d__Bacteria, p__Firmicutes, c__Clostridia, o__Oscillospirales, f__[Eubacterium]_coprostanoligenes_group, g__[Eubacterium]_coprostanoligenes_group
26672648de2181a2c04ca33e88a1afd1,d__Bacteria, p__Proteobacteria, c__Gammaproteobacteria, o__Enterobacterales, f__Morganellaceae, g__Proteus
26e23794e07c317178b6881a0521e3ce,d__Bacteria, p__Firmicutes, c__Clostridia, o__Lachnospirales, f__Lachnospiraceae
273314edefe5cc51abc11266f8d0c074,d__Bacteria, p__Firmicutes, c__Bacilli, o__Lactobacillales, f__Lactobacillaceae, g__Lactobacillus
2734cae6fb1193b99fa501d6168b273e,d__Bacteria, p__Firmicutes, c__Clostridia, o__Lachnospirales, f__Lachnospiraceae, g__[Eubacterium]_xylanophilum_group, s__uncultured_bacterium
275f5d7388062a98d2bdce0dd59bfd7d,d__Bacteria, p__Bacteroidota, c__Bacteroidia, o__Bacteroidales, f__Muribaculaceae, g__Muribaculaceae, s__uncultured_Bacteroidales
277fdf63cae1ed08041a21be01b91953,d__Bacteria, p__Firmicutes, c__Clostridia, o__Lachnospirales, f__Lachnospiraceae, g__Blautia, s__Lachnospiraceae_bacterium
280bb2b566730f0f4789993ca17ff357,d__Bacteria, p__Desulfobacterota, c__Desulfovibrionia, o__Desulfovibrionales, f__Desulfovibrionaceae, g__Desulfovibrio
280cee65d2c6f4f04cb4c12450e0ce84,d__Bacteria, p__Firmicutes, c__Bacilli, o__RF39, f__RF39, g__RF39, s__uncultured_bacterium
283bb90bbef8d5eaa4ff6fddc6725806,d__Bacteria, p__Firmicutes, c__Bacilli, o__Lactobacillales, f__Lactobacillaceae, g__Lactobacillus
28c8823588cb4b3946d2de7685605e61,d__Bacteria, p__Firmicutes, c__Clostridia, o__Clostridia_UCG-014, f__Clostridia_UCG-014, g__Clostridia_UCG-014
29ba1135e5ed248a64839a8571230863,d__Bacteria, p__Firmicutes, c__Clostridia, o__Lachnospirales, f__Lachnospiraceae
2a7a5cb9153f70133cb37251e8374117,d__Bacteria, p__Firmicutes, c__Clostridia, o__Clostridia_UCG-014, f__Clostridia_UCG-014, g__Clostridia_UCG-014, s__unidentified
2ac69717065b96e5ac45137ad1c725a3,d__Bacteria, p__Firmicutes, c__Bacilli
2b036c10ab6b64e84b22b84711aef6ef,d__Bacteria, p__Firmicutes, c__Bacilli, o__Acholeplasmatales, f__Acholeplasmataceae, g__Anaeroplasma, s__uncultured_bacterium
2b7c0068298ebe7bad8d7debd9795f6c,d__Bacteria, p__Firmicutes, c__Clostridia, o__Lachnospirales, f__Lachnospiraceae
2bd2f1b380bc3255d4532f30690431bf,d__Bacteria, p__Firmicutes, c__Clostridia, o__Lachnospirales, f__Lachnospiraceae, g__GCA-900066575, s__uncultured_bacterium
2bf06c9a8754351bc68c7fefd8b6151b,d__Bacteria, p__Bacteroidota, c__Bacteroidia, o__Bacteroidales, f__Muribaculaceae, g__Muribaculaceae
2c3a5409306662337b339e7c79e65dda,d__Bacteria, p__Firmicutes, c__Clostridia, o__Lachnospirales, f__Lachnospiraceae
2c72272f87ad3fb1bb14bc3c2477a2d0,d__Bacteria, p__Firmicutes, c__Bacilli, o__Lactobacillales, f__Lactobacillaceae, g__Lactobacillus
2d16b7f72c11e9b2bb521f49193629ec,d__Bacteria, p__Firmicutes, c__Clostridia, o__Lachnospirales, f__Lachnospiraceae, g__A2, s__uncultured_bacterium
2d23d5207120d2a9f97aa5863ef04387,d__Bacteria, p__Firmicutes, c__Bacilli, o__Erysipelotrichales, f__Erysipelotrichaceae, g__uncultured, s__unidentified
2d257553a6e4a29d1049474d2805c1fb,d__Bacteria, p__Firmicutes, c__Clostridia, o__Lachnospirales, f__Lachnospiraceae, g__Lachnoclostridium
2d54bddc534353d4747ec1ffe430dfd1,d__Bacteria, p__Firmicutes, c__Clostridia, o__Lachnospirales, f__Lachnospiraceae, g__[Eubacterium]_xylanophilum_group, s__uncultured_bacterium
2d7cbd5bbe37bf0a7e96d6a1029236ac,d__Bacteria, p__Firmicutes, c__Clostridia, o__Lachnospirales, f__Lachnospiraceae
2e44846592a14c5147ccb92700a49a77,d__Bacteria, p__Firmicutes, c__Clostridia, o__Clostridia_UCG-014, f__Clostridia_UCG-014, g__Clostridia_UCG-014
2eb2b317e3106a477a34836339150858,d__Bacteria, p__Firmicutes, c__Clostridia, o__Lachnospirales, f__Lachnospiraceae, g__ASF356, s__uncultured_bacterium
2f2b710b6e43a7e2e0d375c48d9c0c9d,d__Bacteria, p__Firmicutes, c__Bacilli, o__Lactobacillales, f__Lactobacillaceae, g__Lactobacillus
2f3367988d9c042e164281d72e718b9b,d__Bacteria, p__Firmicutes, c__Clostridia, o__Lachnospirales, f__Lachnospiraceae
2f37f6dfd5a9e76f2de09f6b7c189a6a,d__Bacteria, p__Bacteroidota, c__Bacteroidia, o__Bacteroidales, f__Rikenellaceae, g__Rikenellaceae_RC9_gut_group
2f84e0f713ad12b7f80d875da9bd194a,d__Bacteria, p__Firmicutes, c__Clostridia, o__Oscillospirales, f__Butyricicoccaceae, g__Butyricicoccus, s__uncultured_bacterium
30df889925fa7e6e7c2cb1b2d2ce8b45,d__Bacteria, p__Bacteroidota, c__Bacteroidia, o__Bacteroidales, f__Muribaculaceae, g__Muribaculaceae, s__uncultured_bacterium
3111f9924447489571a8ab8981721b20,d__Bacteria, p__Firmicutes, c__Clostridia, o__Oscillospirales, f__Ruminococcaceae, g__[Eubacterium]_siraeum_group, s__uncultured_bacterium
31d6aa6610ab0dcb62cc7c884fb6d15f,d__Bacteria, p__Firmicutes, c__Clostridia, o__Lachnospirales, f__Lachnospiraceae, g__Lachnospiraceae_NK4A136_group
32833a4c9aee19c697d504bb90cb45da,d__Bacteria, p__Firmicutes, c__Clostridia, o__Clostridia_UCG-014, f__Clostridia_UCG-014, g__Clostridia_UCG-014, s__uncultured_bacterium
32c2759f0dd9ff9d0820daa70f8f5012,d__Bacteria, p__Firmicutes, c__Clostridia, o__Lachnospirales, f__Lachnospiraceae
338e6f8d061eb6d15b4464f42ba41b7d,d__Bacteria, p__Firmicutes, c__Clostridia, o__Lachnospirales, f__Lachnospiraceae
33ca47e9f0205462bd8ce281f2ba04df,d__Bacteria, p__Firmicutes, c__Clostridia, o__Clostridia_UCG-014, f__Clostridia_UCG-014, g__Clostridia_UCG-014, s__uncultured_bacterium
34153e727eec04478be507cc5343405a,d__Bacteria, p__Firmicutes, c__Clostridia, o__Lachnospirales, f__Lachnospiraceae
3422b9ae8482a9d14c0c6fdca9b608ab,d__Bacteria, p__Firmicutes, c__Clostridia, o__Lachnospirales, f__Lachnospiraceae
348e85fdde75503a9c70539e268160bd,d__Bacteria, p__Bacteroidota, c__Bacteroidia, o__Bacteroidales, f__Muribaculaceae, g__Muribaculaceae
3566069e568a445eac1cc7eb548f79f2,d__Bacteria, p__Bacteroidota, c__Bacteroidia, o__Bacteroidales, f__Muribaculaceae, g__Muribaculaceae, s__uncultured_bacterium
356da847aaba77cabf4595d038fd2b68,d__Bacteria, p__Firmicutes, c__Clostridia, o__Lachnospirales, f__Lachnospiraceae
35a3793bfe7609c7fc9f902a17aaf85f,d__Bacteria, p__Firmicutes, c__Clostridia, o__Lachnospirales, f__Lachnospiraceae
35e21dd72be7afa8f7dc732852eaa935,d__Bacteria, p__Bacteroidota, c__Bacteroidia, o__Bacteroidales, f__Muribaculaceae, g__Muribaculaceae, s__uncultured_bacterium
363f843a8c637fe3e3bbc5de02733fe5,d__Bacteria, p__Firmicutes, c__Clostridia, o__Clostridia_UCG-014, f__Clostridia_UCG-014, g__Clostridia_UCG-014
36e3241bea3768e4123c414f63716333,d__Bacteria, p__Firmicutes, c__Bacilli, o__Lactobacillales, f__Lactobacillaceae, g__Lactobacillus
36e7d485787d726a0e16bff74100463e,d__Bacteria, p__Bacteroidota, c__Bacteroidia, o__Bacteroidales, f__Muribaculaceae, g__Muribaculaceae, s__uncultured_bacterium
37044cafc044a11885b013464c542d7a,d__Bacteria, p__Firmicutes, c__Clostridia, o__Lachnospirales, f__Lachnospiraceae, g__Roseburia, s__uncultured_Clostridiales
370745f4994532cbc8f85559ac466cd5,d__Bacteria, p__Firmicutes, c__Clostridia, o__Lachnospirales, f__Lachnospiraceae, g__Lachnospiraceae_NK4A136_group
374fced2de6dd515a1a3b1bc551e96de,d__Bacteria, p__Firmicutes, c__Clostridia, o__Clostridia_UCG-014, f__Clostridia_UCG-014, g__Clostridia_UCG-014
37f201fc1c3d0347425aff977b59966a,d__Bacteria, p__Firmicutes, c__Clostridia, o__Lachnospirales, f__Lachnospiraceae
38ed7202efb87e3468f28422c76f6a86,d__Bacteria, p__Bacteroidota, c__Bacteroidia, o__Bacteroidales, f__Muribaculaceae, g__Muribaculaceae, s__uncultured_bacterium
397e544c44b9ba06015ca6352cff347d,d__Bacteria, p__Bacteroidota, c__Bacteroidia, o__Bacteroidales, f__Bacteroidaceae, g__Bacteroides
39ca424228e2fe8224a68252d7c1dfc5,d__Bacteria, p__Bacteroidota, c__Bacteroidia, o__Bacteroidales, f__Muribaculaceae, g__Muribaculaceae, s__uncultured_bacterium
39eb4d3fe8af4312ca2464ba2f4c0166,d__Bacteria, p__Firmicutes, c__Clostridia, o__Oscillospirales, f__Ruminococcaceae, g__Ruminococcus
3a44b2d738787e926e9c65457ceafe77,d__Bacteria, p__Bacteroidota, c__Bacteroidia, o__Bacteroidales, f__Rikenellaceae, g__Alistipes, s__uncultured_bacterium
3af1ce1958d93626781ddb08138c1555,d__Bacteria, p__Firmicutes, c__Clostridia, o__Lachnospirales, f__Lachnospiraceae
3bf444ae891a8eaacb3203ca1760e075,d__Bacteria, p__Firmicutes, c__Clostridia, o__Lachnospirales, f__Lachnospiraceae, g__Lachnospiraceae_NK4A136_group
3c118102f97c7b184f46f5a5328dafb1,d__Bacteria, p__Firmicutes, c__Clostridia, o__Lachnospirales, f__Lachnospiraceae, g__Lachnospiraceae_NK4A136_group, s__Clostridiales_bacterium
3cc95b4e921d346d6cd11e2c74d528dc,d__Bacteria, p__Firmicutes, c__Clostridia, o__Clostridia_UCG-014, f__Clostridia_UCG-014, g__Clostridia_UCG-014
3d3b82b078ec8acbc61ecf0ed892de0b,d__Bacteria, p__Firmicutes, c__Clostridia, o__Oscillospirales, f__Oscillospiraceae
3e30d599c689f3356023ab445fe36eb0,d__Bacteria, p__Firmicutes, c__Clostridia, o__Lachnospirales, f__Lachnospiraceae
3e6595ac31223c240b2c73f2061d36d5,d__Bacteria, p__Firmicutes, c__Clostridia, o__Clostridia_UCG-014, f__Clostridia_UCG-014, g__Clostridia_UCG-014
3f46b2bc8f3d87c25b777b0c7945fac8,d__Bacteria, p__Firmicutes, c__Clostridia, o__Clostridia_UCG-014, f__Clostridia_UCG-014, g__Clostridia_UCG-014
3fa1ee424efcd2e25413a80335310d63,d__Bacteria, p__Firmicutes, c__Bacilli, o__Lactobacillales, f__Lactobacillaceae, g__Lactobacillus
3fdecf19232f899f07783c6b46092604,d__Bacteria, p__Bacteroidota, c__Bacteroidia, o__Bacteroidales, f__Muribaculaceae, g__Muribaculaceae, s__uncultured_bacterium
403a6ac50d66a24d8c79e92972cbbb90,d__Bacteria, p__Firmicutes, c__Clostridia, o__Clostridia_UCG-014, f__Clostridia_UCG-014, g__Clostridia_UCG-014
40b6b949c5e42b864ea5782bd4a43968,d__Bacteria, p__Firmicutes, c__Clostridia, o__Lachnospirales, f__Lachnospiraceae, g__Lachnospiraceae_NK4A136_group
4114b7b263ee2d2a9bad28c67a843e9d,d__Bacteria, p__Firmicutes, c__Clostridia, o__Lachnospirales, f__Lachnospiraceae
41632864d52fe7b93113df78081cc4e2,d__Bacteria, p__Bacteroidota, c__Bacteroidia, o__Bacteroidales, f__Bacteroidaceae, g__Bacteroides
418516f907a044dc4a050a956456a790,d__Bacteria, p__Firmicutes, c__Clostridia, o__Lachnospirales, f__Lachnospiraceae, g__Lachnospiraceae_NK4A136_group, s__uncultured_bacterium
4198bc0678289afc0831795d2a84cbf6,d__Bacteria, p__Firmicutes, c__Bacilli, o__Bacillales, f__Bacillaceae, g__Bacillus, s__Lactobacillus_vaginalis
41b3129038117b7c9e14dda9ef77dbd1,d__Bacteria, p__Firmicutes, c__Clostridia, o__Oscillospirales, f__Ruminococcaceae, g__Incertae_Sedis, s__Clostridium_sp.
41db16c6a1283c169a5ee756951c5dd9,d__Bacteria, p__Bacteroidota, c__Bacteroidia, o__Bacteroidales, f__Bacteroidaceae, g__Bacteroides
41fd2b938a586046060e0e7aef256239,d__Bacteria, p__Firmicutes, c__Clostridia, o__Lachnospirales, f__Lachnospiraceae
420d881a84e6d4c4cb39df539c091fc8,d__Bacteria, p__Bacteroidota, c__Bacteroidia, o__Bacteroidales, f__Muribaculaceae, g__Muribaculaceae
42690539aa399c812b99bc18ad34b6b7,d__Bacteria, p__Bacteroidota, c__Bacteroidia, o__Bacteroidales, f__Muribaculaceae, g__Muribaculaceae, s__uncultured_bacterium
433825ff409a5a1f3942dc18cf044c1b,d__Bacteria, p__Campilobacterota, c__Campylobacteria, o__Campylobacterales, f__Helicobacteraceae, g__Helicobacter
43c0fc4c910b2b2e814cc513fa1216cf,d__Bacteria, p__Firmicutes, c__Clostridia, o__Monoglobales, f__Monoglobaceae, g__Monoglobus
43f9a946f7131f61842f933579052866,d__Bacteria, p__Firmicutes, c__Clostridia, o__Clostridia_UCG-014, f__Clostridia_UCG-014, g__Clostridia_UCG-014, s__uncultured_bacterium
4493e43c6ebf1a3f28f4d12497eb4698,d__Bacteria, p__Firmicutes, c__Bacilli, o__Erysipelotrichales, f__Erysipelotrichaceae, g__Faecalibaculum, s__uncultured_bacterium
44ae901157d54424d8ae08e9a9ae9704,d__Bacteria, p__Firmicutes, c__Clostridia, o__Clostridia_UCG-014, f__Clostridia_UCG-014, g__Clostridia_UCG-014
44bd1efc8d03b8e1153d643564b15e9c,d__Bacteria, p__Firmicutes, c__Clostridia, o__Lachnospirales, f__Lachnospiraceae
44cae38ace30f54ee81cc5c5b2ce47eb,d__Bacteria, p__Bacteroidota, c__Bacteroidia, o__Bacteroidales, f__Rikenellaceae, g__Alistipes, s__Alistipes_shahii
4576b43e6b018f7b1f62eb9802d179f8,d__Bacteria, p__Bacteroidota, c__Bacteroidia, o__Bacteroidales, f__Muribaculaceae, g__Muribaculaceae, s__uncultured_bacterium
45ac4dd5ac6a33903b3fae14faff2115,d__Bacteria, p__Bacteroidota, c__Bacteroidia, o__Bacteroidales, f__Muribaculaceae, g__Muribaculaceae, s__uncultured_bacterium
45e1a91277b9e60c848b17f6d3f818db,d__Bacteria, p__Firmicutes, c__Clostridia, o__Lachnospirales, f__Lachnospiraceae, g__Lachnospiraceae_NK4A136_group
4607b7404b3f99f59b4e415b329e7a6f,d__Bacteria, p__Firmicutes, c__Clostridia, o__Lachnospirales, f__Lachnospiraceae
462b8f1780130500d37b2256e177b1e4,d__Bacteria, p__Bacteroidota, c__Bacteroidia, o__Bacteroidales, f__Muribaculaceae, g__Muribaculaceae, s__uncultured_bacterium
46564d59d3c490d0845a3519e8379869,d__Bacteria, p__Firmicutes, c__Bacilli, o__Erysipelotrichales, f__Erysipelotrichaceae, g__uncultured, s__unidentified
46c4bb9712e0a90290c4cbcf56d860a3,d__Bacteria, p__Firmicutes, c__Clostridia, o__Oscillospirales, f__Ruminococcaceae, g__Incertae_Sedis, s__uncultured_Clostridiales
46efaedf0b7cefe9460531c9c6364bd1,d__Bacteria, p__Firmicutes, c__Clostridia, o__Lachnospirales, f__Lachnospiraceae, g__Lachnospiraceae_UCG-006, s__uncultured_bacterium
47244f9384887abc2c7313e0ab7fc4ea,d__Bacteria, p__Firmicutes, c__Clostridia, o__Oscillospirales, f__Ruminococcaceae, g__Incertae_Sedis, s__uncultured_bacterium
475b206b5a66ff74a0bf4ac3a0e6bc0b,d__Bacteria, p__Firmicutes, c__Bacilli, o__RF39, f__RF39, g__RF39
47cf03a1d7cc50e2b29ecef29f36e820,d__Bacteria, p__Firmicutes, c__Bacilli
48205a6d596055905fa0dbf9ed794863,d__Bacteria, p__Firmicutes, c__Bacilli, o__Lactobacillales, f__Lactobacillaceae, g__Lactobacillus, s__Lactobacillus_intestinalis
48c9e882b29135c86dbd16bc9e6946a5,d__Bacteria, p__Firmicutes, c__Clostridia, o__Oscillospirales, f__Oscillospiraceae
49d100f9906bf4d6aeeb9472dc402f89,d__Bacteria, p__Firmicutes, c__Clostridia, o__Oscillospirales, f__Butyricicoccaceae, g__UCG-009, s__uncultured_bacterium
49da2429319bb8bab3d9139319699d74,d__Bacteria, p__Firmicutes, c__Clostridia, o__Lachnospirales, f__Lachnospiraceae, g__Lachnospiraceae_NK4A136_group
49ef9259c2311579bd3f3f9fb115047a,d__Bacteria, p__Firmicutes, c__Clostridia, o__Lachnospirales, f__Lachnospiraceae
4a381e3446c64651b44ec50a250817d8,d__Bacteria, p__Firmicutes, c__Clostridia
4a5ca2c1b01a086ac047342cae74a6bc,d__Bacteria, p__Firmicutes, c__Clostridia, o__Oscillospirales, f__Oscillospiraceae, g__uncultured, s__unidentified
4ae778fee19dbfc68145878b4ab296ec,d__Bacteria, p__Firmicutes, c__Clostridia, o__Lachnospirales, f__Lachnospiraceae
4b0ae96ba7d2990898244875daeb029c,d__Bacteria, p__Firmicutes, c__Clostridia, o__Peptococcales, f__Peptococcaceae, g__uncultured
4b2cc6806d84fe7aa0a80569014c09f7,d__Bacteria, p__Bacteroidota, c__Bacteroidia, o__Bacteroidales, f__Muribaculaceae, g__Muribaculaceae, s__uncultured_bacterium
4c2da45e460a2cb09b961edc7cdd3bb2,d__Bacteria, p__Firmicutes, c__Clostridia, o__Oscillospirales, f__Ruminococcaceae, g__uncultured
4c58adf77739e2e77c30556ea55b2d32,d__Bacteria, p__Firmicutes, c__Clostridia, o__Clostridia_UCG-014, f__Clostridia_UCG-014, g__Clostridia_UCG-014
4d24f63a4ee56e1d36b9143f8609c04e,d__Bacteria, p__Firmicutes, c__Bacilli, o__Lactobacillales, f__Lactobacillaceae, g__Lactobacillus
4dfe3eb93ed9776d8ea7e0681ed1f9b6,d__Bacteria, p__Firmicutes, c__Clostridia, o__Oscillospirales, f__Oscillospiraceae
4e2630b73e34af7d8844ba855211b1a0,d__Bacteria, p__Firmicutes, c__Clostridia, o__Oscillospirales, f__Ruminococcaceae, g__Incertae_Sedis, s__uncultured_bacterium
4e59c0041d4c780cbee9e361beb8fca2,d__Bacteria, p__Firmicutes, c__Clostridia, o__Lachnospirales, f__Lachnospiraceae
4e5dbd89de2ddd68d6e4d327717bb6c6,d__Bacteria, p__Firmicutes, c__Clostridia, o__Lachnospirales, f__Lachnospiraceae, g__Lachnospiraceae_NK4A136_group
4ee9c1b57eb6f789cb2d57c4cb2f783f,d__Bacteria, p__Bacteroidota, c__Bacteroidia, o__Bacteroidales, f__Muribaculaceae, g__Muribaculaceae, s__uncultured_bacterium
4f766035212579d0ea8e0b1b795ed8bf,d__Bacteria, p__Firmicutes, c__Clostridia, o__Lachnospirales, f__Lachnospiraceae
4f7c3af6e8663b0870f0ed5d16d9e49a,d__Bacteria, p__Deferribacterota, c__Deferribacteres, o__Deferribacterales, f__Deferribacteraceae, g__Mucispirillum, s__Mucispirillum_schaedleri
4f8f23e3992e5e15e8033515108217de,d__Bacteria, p__Firmicutes, c__Bacilli
5033b6951462e70ee6301ce9c9ebe8c5,d__Bacteria, p__Firmicutes, c__Clostridia, o__Lachnospirales, f__Lachnospiraceae
50be19a8d2830242681ea095a3b01b5a,d__Bacteria, p__Firmicutes, c__Clostridia, o__Lachnospirales, f__Lachnospiraceae
5105f91b1b28ae7ee4dafb34c84c8fff,d__Bacteria, p__Bacteroidota, c__Bacteroidia, o__Bacteroidales, f__Muribaculaceae, g__Muribaculaceae, s__uncultured_bacterium
510b4a5f48086701416ab699f4056bad,d__Bacteria, p__Bacteroidota, c__Bacteroidia, o__Bacteroidales, f__Muribaculaceae, g__Muribaculaceae, s__uncultured_Bacteroidales
512898f314cce3e1e8a8323c36fef6e1,d__Bacteria, p__Firmicutes, c__Clostridia, o__Lachnospirales, f__Lachnospiraceae
51b3e51d2d8fd6795294c65064c93eec,d__Bacteria, p__Firmicutes, c__Clostridia, o__Lachnospirales, f__Lachnospiraceae
51dbca22f7469bb00e4379845bc1fb83,d__Bacteria, p__Firmicutes, c__Clostridia, o__Lachnospirales, f__Lachnospiraceae, g__Lachnospiraceae_NK4A136_group
51e2f60e2e3871c998d391de0caac8bf,d__Bacteria, p__Firmicutes, c__Clostridia, o__Clostridia_UCG-014, f__Clostridia_UCG-014, g__Clostridia_UCG-014
5201655aa9cf2f7ace465410a878f312,d__Bacteria, p__Firmicutes, c__Clostridia, o__Clostridia_UCG-014, f__Clostridia_UCG-014, g__Clostridia_UCG-014
531ab4c63ec669ee00972774562309de,d__Bacteria, p__Bacteroidota, c__Bacteroidia, o__Bacteroidales, f__Muribaculaceae, g__Muribaculaceae
536c260407b5480c266a72004a8c6ccd,d__Bacteria, p__Firmicutes, c__Clostridia, o__Oscillospirales, f__Ruminococcaceae, g__Incertae_Sedis, s__uncultured_bacterium
547f80f193a2881abc9f7026b92ad352,d__Bacteria, p__Firmicutes, c__Bacilli, o__Lactobacillales, f__Lactobacillaceae, g__Lactobacillus
55569d0a471f84ff78ebf6cd42f083bf,d__Bacteria, p__Firmicutes, c__Clostridia, o__Oscillospirales, f__Ruminococcaceae, g__Incertae_Sedis
56ccacfbbe8f56be55f3740e1f106abe,d__Bacteria, p__Firmicutes, c__Clostridia, o__Lachnospirales, f__Lachnospiraceae, g__Lachnospiraceae_NK4A136_group, s__uncultured_bacterium
571f85b5db8d7d352c500e3097160aa1,d__Bacteria, p__Firmicutes, c__Bacilli, o__Lactobacillales, f__Lactobacillaceae, g__Lactobacillus
574947bc3b2c96ddd1c1752046ba01eb,d__Bacteria, p__Firmicutes, c__Clostridia, o__Oscillospirales, f__Ruminococcaceae, g__uncultured, s__[Clostridium]_leptum
574b5592d3f088b14174abd838866651,d__Bacteria, p__Bacteroidota, c__Bacteroidia, o__Bacteroidales, f__Muribaculaceae, g__Muribaculaceae
57a2780152d4c79535f9c71d21c87db8,d__Bacteria, p__Firmicutes, c__Clostridia, o__Lachnospirales, f__Lachnospiraceae, g__Lachnospiraceae_NK4A136_group
58038055caa314c384db91ebb63e2902,d__Bacteria, p__Firmicutes, c__Clostridia, o__Lachnospirales, f__Lachnospiraceae
5848f6c0f80056b2150a449b5f38b3bd,d__Bacteria, p__Firmicutes, c__Clostridia, o__Oscillospirales, f__Oscillospiraceae
5869a42e31899d7780629f0716109cf5,d__Bacteria, p__Firmicutes, c__Clostridia, o__Lachnospirales, f__Lachnospiraceae
58cb1f714adaedf60dd49adf273eaf59,d__Bacteria, p__Firmicutes, c__Clostridia, o__Lachnospirales, f__Lachnospiraceae
593d065c43a666a4107f3b14d3181bfe,d__Bacteria, p__Firmicutes, c__Clostridia, o__Lachnospirales, f__Lachnospiraceae
594e2d8eb1e556986abce909e8b09ffc,d__Bacteria, p__Bacteroidota, c__Bacteroidia, o__Bacteroidales, f__Muribaculaceae, g__Muribaculaceae
59d1a85628793ccb23ab44f255226b15,d__Bacteria, p__Bacteroidota, c__Bacteroidia, o__Bacteroidales, f__Muribaculaceae, g__Muribaculaceae, s__uncultured_bacterium
5ac019b3b36d7a79722a10ab043c4bef,d__Bacteria, p__Firmicutes, c__Clostridia, o__Lachnospirales, f__Lachnospiraceae, g__Lachnospiraceae_UCG-010, s__uncultured_bacterium
5c33db7c460ec1200192e97fda0dbb2e,d__Bacteria, p__Firmicutes, c__Clostridia, o__Oscillospirales, f__Oscillospiraceae, g__NK4A214_group, s__unidentified
5c47bef8f5da9056d79608d94aec1606,d__Bacteria, p__Firmicutes, c__Clostridia, o__Lachnospirales, f__Lachnospiraceae
5cbf0b2efd8f80a169ab74ad33079e39,d__Bacteria, p__Firmicutes, c__Clostridia, o__Lachnospirales, f__Lachnospiraceae
5cccb749e8c283919cc185f2e25c8565,d__Bacteria, p__Bacteroidota, c__Bacteroidia, o__Bacteroidales, f__Muribaculaceae, g__Muribaculaceae
5d06951cab74f080ed1f8581c7cbfdf6,d__Bacteria, p__Firmicutes, c__Clostridia, o__Clostridia_vadinBB60_group, f__Clostridia_vadinBB60_group, g__Clostridia_vadinBB60_group, s__unidentified
5d2f0d410604218eab1553c0ba95e87b,d__Bacteria, p__Firmicutes, c__Clostridia, o__Peptostreptococcales-Tissierellales, f__Anaerovoracaceae, g__Anaerovorax, s__uncultured_bacterium
5d3041aa731be2695ce5893b43076e02,d__Bacteria, p__Firmicutes, c__Clostridia, o__Clostridia_vadinBB60_group, f__Clostridia_vadinBB60_group, g__Clostridia_vadinBB60_group, s__uncultured_bacterium
5dd973a030569248ca96ad682787eeb0,d__Bacteria, p__Bacteroidota, c__Bacteroidia, o__Bacteroidales, f__Muribaculaceae, g__Muribaculaceae, s__unidentified
5e17a5cb4962111829d5a3162b84253a,d__Bacteria, p__Firmicutes, c__Clostridia, o__Oscillospirales, f__Oscillospiraceae, g__uncultured
5e59e92b5203cf88b45515feb4dd90a1,d__Bacteria, p__Firmicutes, c__Clostridia, o__Clostridia_vadinBB60_group, f__Clostridia_vadinBB60_group, g__Clostridia_vadinBB60_group, s__unidentified
5e61e1707fb2129594d211ba454470e4,d__Bacteria, p__Deferribacterota, c__Deferribacteres, o__Deferribacterales, f__Deferribacteraceae, g__Mucispirillum, s__Mucispirillum_schaedleri
5ed5a1891a09adf426bf256d58494dc8,d__Bacteria, p__Firmicutes, c__Clostridia, o__Lachnospirales, f__Lachnospiraceae, g__ASF356, s__uncultured_bacterium
5f5ca726fd3f6d6e6a1b3f6811443574,d__Bacteria, p__Firmicutes, c__Clostridia, o__Clostridia_UCG-014, f__Clostridia_UCG-014, g__Clostridia_UCG-014
5fb94f804715b4d90f191c413efef44e,d__Bacteria, p__Firmicutes, c__Bacilli, o__Erysipelotrichales, f__Erysipelotrichaceae, g__Faecalibaculum
5fc6f86d85f03ca7537c25730cfcf460,d__Bacteria, p__Firmicutes, c__Clostridia, o__Lachnospirales, f__Lachnospiraceae, g__ASF356
5fc798b1df3bcda5e68c5d88d8d39402,d__Bacteria, p__Firmicutes, c__Clostridia, o__Lachnospirales, f__Lachnospiraceae
600c9f3de23a5834c65cdf6b56a7c81d,d__Bacteria, p__Bacteroidota, c__Bacteroidia, o__Bacteroidales, f__Muribaculaceae, g__Muribaculaceae
6010509f0fb5b3456410405a3ab013bd,d__Bacteria, p__Firmicutes, c__Clostridia, o__Lachnospirales, f__Lachnospiraceae
605c17c16f33905999869770413b1a8f,d__Bacteria, p__Bacteroidota, c__Bacteroidia, o__Bacteroidales, f__Bacteroidaceae, g__Bacteroides
6166cd8b69d6af6ba6e209d4d4f839eb,d__Bacteria, p__Firmicutes, c__Clostridia, o__Oscillospirales, f__Oscillospiraceae
6216ac91ccb6fcb35c42af895d76fca3,d__Bacteria, p__Firmicutes, c__Clostridia, o__Lachnospirales, f__Lachnospiraceae
6260bcc30e89c8a76a19a1856119c587,d__Bacteria, p__Bacteroidota, c__Bacteroidia, o__Bacteroidales, f__Muribaculaceae, g__Muribaculaceae, s__uncultured_Bacteroidales
633986f25dacddd71be7f93667c0698e,d__Bacteria, p__Firmicutes, c__Clostridia, o__Oscillospirales, f__Oscillospiraceae
63a54eea7fab6fa833b58a42c8ebf1f8,d__Bacteria, p__Firmicutes, c__Clostridia, o__Lachnospirales, f__Lachnospiraceae
63afd5222bbcd2d49e083f44f9da3aba,d__Bacteria, p__Firmicutes, c__Clostridia, o__Oscillospirales, f__Oscillospiraceae
64849bcfdeafe20a484dacaa977328b3,d__Bacteria, p__Firmicutes, c__Clostridia, o__Oscillospirales, f__Oscillospiraceae, g__uncultured, s__uncultured_bacterium
64ec23bbacc27e5722f89417bb862c68,d__Bacteria, p__Bacteroidota, c__Bacteroidia, o__Bacteroidales, f__Muribaculaceae, g__Muribaculaceae, s__uncultured_bacterium
654c629392a9dc666b681833938d785c,d__Bacteria, p__Firmicutes
6653c92dc7618280b132aeae2a9291cc,d__Bacteria, p__Firmicutes, c__Clostridia, o__Lachnospirales, f__Lachnospiraceae, g__Tuzzerella, s__uncultured_bacterium
666fefaeb47f3141846c043009098eb6,d__Bacteria, p__Firmicutes, c__Clostridia, o__Lachnospirales, f__Lachnospiraceae, g__Lachnospiraceae_NK4A136_group, s__Lachnospiraceae_bacterium
668316497189c0c158711815de76dec2,d__Bacteria, p__Firmicutes, c__Clostridia, o__Clostridia_UCG-014, f__Clostridia_UCG-014, g__Clostridia_UCG-014, s__uncultured_Clostridiales
683aada938c65b71b6f281012d0d257b,d__Bacteria, p__Bacteroidota, c__Bacteroidia, o__Bacteroidales, f__Rikenellaceae, g__Rikenellaceae_RC9_gut_group, s__uncultured_organism
68d030b7e708ecc13d8f3cec5de977a4,d__Bacteria, p__Firmicutes, c__Clostridia, o__Clostridia_UCG-014, f__Clostridia_UCG-014, g__Clostridia_UCG-014
68f8f7604872a6d4fed9b2b43064aee4,d__Bacteria, p__Firmicutes, c__Clostridia, o__Oscillospirales, f__Oscillospiraceae, g__Colidextribacter
68fa6eb93675602681b474cb0ce9048b,d__Bacteria, p__Firmicutes, c__Clostridia, o__Lachnospirales, f__Lachnospiraceae, g__Blautia, s__Lachnospiraceae_bacterium
692908d9e8dc244214e861f18774ffb2,d__Bacteria, p__Firmicutes, c__Clostridia, o__Oscillospirales, f__Oscillospiraceae
694f413b53b76692d2bf1cd02091399c,d__Bacteria, p__Firmicutes, c__Bacilli, o__Lactobacillales, f__Lactobacillaceae, g__Lactobacillus, s__Lactobacillus_intestinalis
6b34d59835b77db6bc62c89c1eabde0b,d__Bacteria, p__Firmicutes, c__Clostridia, o__Monoglobales, f__Monoglobaceae, g__Monoglobus
6b92c0dfde94e01d7eb99d2054c77497,d__Bacteria, p__Bacteroidota, c__Bacteroidia, o__Bacteroidales, f__Muribaculaceae, g__Muribaculaceae
6bf2840673de7a07c6136b4d66f9d325,d__Bacteria, p__Firmicutes, c__Clostridia, o__Lachnospirales, f__Lachnospiraceae, g__Lachnospiraceae_NK4A136_group
6c1bfd075db534f844351ffc0b8d4f6a,d__Bacteria, p__Firmicutes, c__Clostridia, o__Lachnospirales, f__Lachnospiraceae, g__Lachnospiraceae_NK4A136_group
6c31248aab400bbb31133caffa277913,d__Bacteria, p__Firmicutes, c__Clostridia, o__Oscillospirales, f__Oscillospiraceae, g__Colidextribacter
6cb3f6fd935a831537c9052b9a4284e2,d__Bacteria, p__Firmicutes, c__Clostridia, o__Oscillospirales, f__Oscillospiraceae
6d26cf14a267d2be14f2c5c6524e3f84,d__Bacteria, p__Firmicutes, c__Clostridia, o__Oscillospirales, f__Oscillospiraceae
6d94ad7799a01df0a525a125c6246f7e,d__Bacteria, p__Firmicutes, c__Clostridia, o__Peptostreptococcales-Tissierellales, f__Anaerovoracaceae, g__Family_XIII_AD3011_group
6de89a7f3f4c4935de7823e5729416f4,d__Bacteria, p__Bacteroidota, c__Bacteroidia, o__Bacteroidales, f__Muribaculaceae, g__Muribaculaceae, s__uncultured_bacterium
6ded34f7b682053ff5b9b7e4ef929a22,d__Bacteria, p__Firmicutes, c__Clostridia, o__Lachnospirales, f__Lachnospiraceae
6e019166f485dbd32194a2d44edc4df1,d__Bacteria, p__Firmicutes, c__Clostridia, o__Oscillospirales, f__Oscillospiraceae
6e408cc3ba68e93a8d2a36d67381d445,d__Bacteria, p__Bacteroidota, c__Bacteroidia, o__Bacteroidales, f__Muribaculaceae, g__Muribaculaceae, s__uncultured_Bacteroidales
6e4d95842a0cae9e21b538e8ed99b34d,d__Bacteria, p__Firmicutes, c__Clostridia, o__Lachnospirales, f__Lachnospiraceae, g__Blautia, s__Lachnospiraceae_bacterium
6e68a3370037593908fa7837d0d66c81,d__Bacteria, p__Bacteroidota, c__Bacteroidia, o__Bacteroidales, f__Muribaculaceae, g__Muribaculaceae, s__uncultured_bacterium
6ec2b2eb686d8f62db101849f0744d6e,d__Bacteria, p__Firmicutes, c__Clostridia, o__Lachnospirales, f__Lachnospiraceae
6ec37daa396eb7394e7958cbaebe668b,d__Bacteria, p__Firmicutes, c__Clostridia, o__Lachnospirales, f__Lachnospiraceae, g__uncultured, s__unidentified
6effbd2be9f793ea5295f877770c51ed,d__Bacteria, p__Bacteroidota, c__Bacteroidia, o__Bacteroidales, f__Bacteroidaceae, g__Bacteroides
6f196f110f8f466aab948250105bedd7,d__Bacteria, p__Firmicutes, c__Clostridia, o__Oscillospirales, f__Ruminococcaceae, g__uncultured, s__uncultured_bacterium
6f9ba20837b8830fd396b63636074215,d__Bacteria, p__Bacteroidota, c__Bacteroidia, o__Bacteroidales, f__Bacteroidaceae, g__Bacteroides
7063183370922c8b131fd30058593501,d__Bacteria, p__Firmicutes, c__Clostridia, o__Lachnospirales, f__Lachnospiraceae, g__ASF356, s__uncultured_bacterium
70ccc60eef16412b7023c4ac6641f6cd,d__Bacteria, p__Firmicutes, c__Clostridia, o__Peptostreptococcales-Tissierellales, f__Anaerovoracaceae, g__[Eubacterium]_nodatum_group
713be73748483aef292180e9d0cc0210,d__Bacteria, p__Firmicutes, c__Clostridia, o__Lachnospirales, f__Lachnospiraceae, g__Lachnospiraceae_NK4A136_group
72bc22315544a201ede9dec6af150e98,d__Bacteria, p__Bacteroidota, c__Bacteroidia, o__Bacteroidales, f__Muribaculaceae, g__Muribaculaceae, s__uncultured_bacterium
74a161fc1e467ad0d4aa28d7e35f7479,d__Bacteria, p__Firmicutes, c__Bacilli, o__Lactobacillales, f__Lactobacillaceae, g__Lactobacillus
74a4886b0aa290a2fa8ca0d908b2f912,d__Bacteria, p__Firmicutes, c__Clostridia, o__Oscillospirales, f__Oscillospiraceae
74b35ae658465e7512c2b61f7906c907,d__Bacteria, p__Bacteroidota, c__Bacteroidia, o__Bacteroidales, f__Rikenellaceae, g__Alistipes, s__uncultured_bacterium
74bcd29b01bcbe0d1abe1c5e26eec0e8,d__Bacteria, p__Firmicutes, c__Clostridia, o__Lachnospirales, f__Lachnospiraceae, g__Lachnospiraceae_NK4A136_group
7604f4f89594f923ac1cf31a38880c5e,d__Bacteria, p__Firmicutes, c__Clostridia, o__Oscillospirales, f__Oscillospiraceae
76130162b8af1cec6a2efaffcf0e9154,d__Bacteria, p__Firmicutes, c__Clostridia, o__Oscillospirales, f__Butyricicoccaceae, g__Butyricicoccus, s__uncultured_bacterium
7643e215cbe9703dd7abe9d4488265b3,d__Bacteria, p__Firmicutes, c__Clostridia, o__Lachnospirales, f__Lachnospiraceae, g__Lachnospiraceae_NK4A136_group, s__uncultured_bacterium
77c25cf90fc6b99d02c4d1f242803ee8,d__Bacteria, p__Bacteroidota, c__Bacteroidia, o__Bacteroidales, f__Muribaculaceae, g__Muribaculaceae
783d1e50542235ebffaed7e3cc5ffd6d,d__Bacteria, p__Firmicutes, c__Clostridia, o__Peptostreptococcales-Tissierellales, f__Anaerovoracaceae, g__Family_XIII_UCG-001, s__uncultured_bacterium
785a624a55ee5dab4966dfc4d63e7a4d,d__Bacteria, p__Bacteroidota, c__Bacteroidia, o__Bacteroidales, f__Muribaculaceae, g__Muribaculaceae, s__uncultured_bacterium
78719309d76cb95f30db21b7eff615c3,d__Bacteria, p__Firmicutes, c__Bacilli, o__Staphylococcales, f__Gemellaceae, g__Gemella
788fa73da2d45445a6055bd634945d43,d__Bacteria, p__Firmicutes, c__Bacilli, o__RF39, f__RF39, g__RF39, s__uncultured_bacterium
78e755f22b31aebfc49ec971c9e25f82,d__Bacteria, p__Firmicutes, c__Clostridia, o__Lachnospirales, f__Lachnospiraceae, g__GCA-900066575, s__uncultured_bacterium
7966f669971b26c2d74342a85e4c3880,d__Bacteria, p__Firmicutes, c__Clostridia, o__Lachnospirales, f__Lachnospiraceae, g__Lachnospiraceae_NK4A136_group
79a9d2c3929074a416360f2c49d9e818,d__Bacteria, p__Firmicutes, c__Clostridia, o__Lachnospirales, f__Lachnospiraceae, g__Lachnospiraceae_NK4A136_group
79e3e1a15fc3c30b2c6b9b0a46830a5a,d__Bacteria, p__Firmicutes, c__Clostridia, o__Oscillospirales, f__Ruminococcaceae, g__Ruminococcaceae, s__uncultured_bacterium
7a171e8173fb3b2eebf9da24f94c4882,d__Bacteria, p__Bacteroidota, c__Bacteroidia, o__Bacteroidales, f__Muribaculaceae, g__Muribaculaceae
7a8561bed18f71eaf74b43d4d92d2176,d__Bacteria, p__Firmicutes, c__Clostridia, o__Lachnospirales, f__Lachnospiraceae, g__ASF356, s__uncultured_bacterium
7ab0f5fd995b7d157e375b1520f8c635,d__Bacteria, p__Firmicutes, c__Clostridia, o__Oscillospirales, f__Ruminococcaceae, g__Anaerotruncus, s__uncultured_bacterium
7ac5d6c23412507ac3b32e6d205c1aca,d__Bacteria, p__Bacteroidota, c__Bacteroidia, o__Bacteroidales, f__Prevotellaceae, g__Prevotellaceae_UCG-001, s__uncultured_bacterium
7af3bd38f0f164d41ea3c8afa361ef51,d__Bacteria, p__Firmicutes, c__Clostridia, o__Oscillospirales, f__Ruminococcaceae, g__Ruminococcus
7ca8e4ee1186c7392d160a7dc543b6de,d__Bacteria, p__Firmicutes, c__Clostridia, o__Lachnospirales, f__Lachnospiraceae
7e0317f7ea7da7ba2121b612bbee1602,d__Bacteria, p__Firmicutes, c__Clostridia, o__Oscillospirales, f__Oscillospiraceae, g__uncultured, s__uncultured_bacterium
7e3d9240b698c6bf8fc56676d35a7151,d__Bacteria, p__Firmicutes, c__Clostridia, o__Lachnospirales, f__Lachnospiraceae
7f6014bee7c27dce9aa46dbe30ee4351,d__Bacteria, p__Firmicutes, c__Clostridia, o__Lachnospirales, f__Lachnospiraceae
801703b9ac2077fb6039e27673fe9250,d__Bacteria, p__Firmicutes, c__Bacilli, o__Lactobacillales, f__Lactobacillaceae, g__Lactobacillus, s__mouse_gut
806700bc9b7d560422f7c164b3bd8e6d,d__Bacteria, p__Firmicutes, c__Clostridia, o__Lachnospirales, f__Lachnospiraceae, g__Lachnospiraceae_NK4A136_group
8146deefacadef2055916d06c19a3abd,d__Bacteria, p__Firmicutes, c__Bacilli, o__Staphylococcales, f__Staphylococcaceae, g__Jeotgalicoccus
81d39a75c4b6f966a8d4e03decd37b35,d__Bacteria, p__Bacteroidota, c__Bacteroidia, o__Bacteroidales, f__Muribaculaceae, g__Muribaculaceae
81eb81acfe3c3b0fe1b0359689c88151,d__Bacteria, p__Firmicutes, c__Clostridia, o__Lachnospirales, f__Lachnospiraceae, g__Lachnospiraceae_NK4A136_group
8234b5d702df430c632de9a72590849e,d__Bacteria, p__Firmicutes, c__Bacilli, o__Erysipelotrichales, f__Erysipelotrichaceae, g__uncultured, s__unidentified
8281a4e3d20ba7701d1b22bc6a5cc274,d__Bacteria, p__Bacteroidota, c__Bacteroidia, o__Bacteroidales, f__Muribaculaceae, g__Muribaculaceae, s__unidentified
83060f4da8b5d59469fa63dcb7fb9ae4,d__Bacteria, p__Firmicutes, c__Clostridia, o__Lachnospirales, f__Lachnospiraceae
8383a9394d839568543ff7a5decb1956,d__Bacteria, p__Firmicutes, c__Clostridia, o__Oscillospirales, f__Oscillospiraceae, g__uncultured, s__uncultured_bacterium
838d0736efd9295506133747708054b9,d__Bacteria, p__Bacteroidota, c__Bacteroidia, o__Bacteroidales, f__Muribaculaceae, g__Muribaculaceae, s__uncultured_bacterium
8400b734c4ae6e29f117f0898c88e998,d__Bacteria, p__Bacteroidota, c__Bacteroidia, o__Bacteroidales, f__Muribaculaceae, g__Muribaculaceae, s__uncultured_bacterium
8431ce797c88c8ae073512bf2145e2ae,d__Bacteria, p__Bacteroidota, c__Bacteroidia, o__Bacteroidales, f__Bacteroidaceae, g__Bacteroides
8475722b5af046e39bbcf71852911d88,d__Bacteria, p__Firmicutes, c__Clostridia, o__Lachnospirales, f__Lachnospiraceae, g__Lachnospiraceae_UCG-006
850fc8381d6fc19a74e163682a3c65f4,d__Bacteria, p__Firmicutes, c__Clostridia, o__Lachnospirales, f__Lachnospiraceae
851e5232eb7b349147288db209486f5f,d__Bacteria, p__Firmicutes, c__Clostridia, o__Lachnospirales, f__Lachnospiraceae, g__Lachnospiraceae_NK4A136_group
853cddc1b946f0d43a0716ac206af2bd,d__Bacteria, p__Firmicutes, c__Clostridia, o__Lachnospirales, f__Lachnospiraceae, g__Lachnospiraceae_NK4A136_group
8570b079ecb551d3b852a2decf2f34f6,d__Bacteria, p__Firmicutes, c__Clostridia, o__Oscillospirales, f__Ruminococcaceae, g__Incertae_Sedis, s__uncultured_bacterium
85ed3d8c30f1cf7ad10a011d18724cab,d__Bacteria, p__Firmicutes, c__Clostridia, o__Lachnospirales, f__Lachnospiraceae
88176c6a714b06d688c7281005f30f8e,d__Bacteria, p__Firmicutes, c__Bacilli, o__Lactobacillales, f__Lactobacillaceae, g__Lactobacillus
886286b87bf39aded1a0a1fe156b4122,d__Bacteria, p__Firmicutes, c__Clostridia, o__Lachnospirales, f__Lachnospiraceae, g__Lachnospiraceae_NK4A136_group
88ee1afef4d1eef84df08ed59359d002,d__Bacteria, p__Bacteroidota, c__Bacteroidia, o__Bacteroidales, f__Bacteroidaceae, g__Bacteroides
893084e9acd8dab780c2194205954fda,d__Bacteria, p__Firmicutes, c__Clostridia, o__Lachnospirales, f__Lachnospiraceae
89a6c15cf31792ba04d17860e9492227,d__Bacteria, p__Firmicutes, c__Clostridia, o__Lachnospirales, f__Lachnospiraceae
8ae299fe8aa39820660e7e6746ff1aae,d__Bacteria, p__Firmicutes, c__Clostridia, o__Lachnospirales, f__Lachnospiraceae
8bb80798528ee07dc94c4a66868cd392,d__Bacteria, p__Bacteroidota, c__Bacteroidia, o__Bacteroidales, f__Rikenellaceae, g__Alistipes, s__uncultured_bacterium
8bee12c45f4dc4dfc7ade55870939c3d,d__Bacteria, p__Firmicutes, c__Clostridia, o__Lachnospirales, f__Lachnospiraceae
8c8cd1cc4122ee8bbed77056f0065457,d__Bacteria, p__Firmicutes, c__Clostridia, o__Lachnospirales, f__Lachnospiraceae
8cbb635faeb95440eb5b52abe134ac3d,d__Bacteria, p__Firmicutes, c__Bacilli
8cef63ffe031742d411b2cf7039528d9,d__Bacteria, p__Firmicutes, c__Clostridia, o__Lachnospirales, f__Lachnospiraceae
8d0c34bb6dc7de3524ce44b28eb15257,d__Bacteria, p__Bacteroidota, c__Bacteroidia, o__Bacteroidales, f__Bacteroidaceae, g__Bacteroides, s__uncultured_bacterium
8d78ce934c43a8b36ce2c5ab4318a192,d__Bacteria, p__Firmicutes, c__Clostridia, o__Lachnospirales, f__Lachnospiraceae
8e8d8626220eac1ef6f7fb2080aa938f,d__Bacteria, p__Firmicutes, c__Clostridia, o__Lachnospirales, f__Lachnospiraceae, g__Lachnospiraceae_UCG-001
8e9e6e5f622f9a4a5196e7eea6fa6d7a,d__Bacteria, p__Firmicutes, c__Clostridia, o__Clostridia_UCG-014, f__Clostridia_UCG-014, g__Clostridia_UCG-014, s__unidentified
8eff78d0b5b6f6333392c4f9148cb540,d__Bacteria, p__Bacteroidota, c__Bacteroidia, o__Bacteroidales, f__Muribaculaceae, g__Muribaculaceae, s__uncultured_bacterium
90070bdb717e07254a704e23de24e334,d__Bacteria, p__Firmicutes, c__Bacilli, o__Lactobacillales, f__Lactobacillaceae, g__Lactobacillus
9066cdf0811ee0e606b6f0ef73860609,d__Bacteria, p__Firmicutes, c__Clostridia, o__Oscillospirales, f__Oscillospiraceae, g__uncultured, s__uncultured_bacterium
90fc910ad1434734b1e55c6a5c7ab9eb,d__Bacteria, p__Firmicutes, c__Bacilli, o__Lactobacillales, f__Lactobacillaceae, g__Lactobacillus, s__uncultured_bacterium
9171265989ee178c441ad28afbf9dffa,d__Bacteria, p__Firmicutes, c__Bacilli, o__Erysipelotrichales, f__Erysipelatoclostridiaceae, g__Erysipelatoclostridiaceae, s__uncultured_bacterium
91d440a73841493d3eb3092b020e3319,d__Bacteria, p__Firmicutes
92c3e9828b72f5125d67007e640f2785,d__Bacteria, p__Firmicutes, c__Clostridia, o__Lachnospirales, f__Lachnospiraceae, g__uncultured, s__unidentified
9323bba95371261842328729e8a5c2fb,d__Bacteria, p__Bacteroidota, c__Bacteroidia, o__Bacteroidales, f__Rikenellaceae, g__Alistipes, s__uncultured_bacterium
939ebd9bd7a6eae4062b93537a84c65d,d__Bacteria, p__Firmicutes, c__Clostridia, o__Lachnospirales, f__Lachnospiraceae
942c85a5ce30e27155622d82ef326bc2,d__Bacteria, p__Bacteroidota, c__Bacteroidia, o__Bacteroidales, f__Marinifilaceae, g__Odoribacter, s__uncultured_bacterium
94ef16ff9afb7eb33a92518cb4c063cb,d__Bacteria, p__Firmicutes, c__Clostridia, o__Oscillospirales, f__Oscillospiraceae, g__uncultured, s__unidentified
952c1fdc4c8295d4742b25f65e8c514a,d__Bacteria, p__Bacteroidota, c__Bacteroidia, o__Bacteroidales, f__Muribaculaceae, g__Muribaculaceae, s__uncultured_bacterium
95d3dbd617f91106ba8cc3bcb26f8d9b,d__Bacteria, p__Firmicutes, c__Bacilli, o__Lactobacillales, f__Lactobacillaceae, g__Lactobacillus
96603dabde822238f48c2994b45788db,d__Bacteria, p__Firmicutes, c__Clostridia, o__Clostridia_UCG-014, f__Clostridia_UCG-014, g__Clostridia_UCG-014
967238c58c08cdaadb0d9beb32588307,d__Bacteria, p__Bacteroidota, c__Bacteroidia, o__Bacteroidales, f__Rikenellaceae, g__Alistipes, s__uncultured_bacterium
96f1df5356b17e2d4b6eefc878357fcb,d__Bacteria, p__Firmicutes, c__Clostridia, o__Clostridiales, f__Clostridiaceae, g__Candidatus_Arthromitus
971577d146be3b80cdc7fed9a7ef1533,d__Bacteria, p__Firmicutes, c__Clostridia, o__Lachnospirales, f__Lachnospiraceae, g__Lachnospiraceae_NK4A136_group
973360718cfb0d1806d43527cb25adb3,d__Bacteria, p__Firmicutes, c__Clostridia, o__Lachnospirales, f__Lachnospiraceae
97ccb7279e702b364b30af7401d483ef,d__Bacteria, p__Firmicutes, c__Clostridia, o__Clostridia_UCG-014, f__Clostridia_UCG-014, g__Clostridia_UCG-014, s__unidentified
987e547ebf8cab92d43f1d4dd99e0552,d__Bacteria, p__Firmicutes, c__Clostridia, o__Oscillospirales, f__Oscillospiraceae, g__NK4A214_group, s__uncultured_bacterium
98c96cf1a8d4ce090682ec03dc56cc0f,d__Bacteria, p__Firmicutes, c__Clostridia, o__Lachnospirales, f__Lachnospiraceae, g__Lachnospiraceae_NK4A136_group
98f02b7aa870b3d271333bc9660db91f,d__Bacteria, p__Firmicutes, c__Clostridia, o__Clostridia_UCG-014, f__Clostridia_UCG-014, g__Clostridia_UCG-014
98fcc7e4135d41152d2db711de5c1255,d__Bacteria, p__Bacteroidota, c__Bacteroidia, o__Bacteroidales, f__Bacteroidaceae, g__Bacteroides
9a9f34bd312afabc037651632ab4294c,d__Bacteria, p__Firmicutes, c__Clostridia, o__Lachnospirales, f__Lachnospiraceae
9aa6b6dc6d70c5e763d47a4353144107,d__Bacteria, p__Firmicutes, c__Bacilli, o__Lactobacillales, f__Lactobacillaceae, g__Lactobacillus
9b3495085364f87a3bbadad3fe0fe52a,d__Bacteria, p__Firmicutes, c__Clostridia, o__Oscillospirales, f__UCG-010, g__UCG-010, s__unidentified
9c27410265c4c0f8558f6d01a3282755,d__Bacteria, p__Bacteroidota, c__Bacteroidia, o__Bacteroidales, f__Prevotellaceae, g__Prevotellaceae_UCG-001, s__uncultured_bacterium
9c7bd185ed83458005e4f6cfd7f9a096,d__Bacteria, p__Firmicutes, c__Clostridia, o__Clostridia_UCG-014, f__Clostridia_UCG-014, g__Clostridia_UCG-014, s__unidentified
9d1231e9a3e3361b978bbff3c3b158a8,d__Bacteria, p__Firmicutes, c__Clostridia, o__Lachnospirales, f__Lachnospiraceae
9d5e0ad5255570159134088975331f19,d__Bacteria, p__Firmicutes, c__Clostridia, o__Lachnospirales, f__Lachnospiraceae
9d81ad3b3c4fa998c967ca91c2278849,d__Bacteria, p__Firmicutes, c__Bacilli, o__Lactobacillales, f__Lactobacillaceae, g__Lactobacillus
9e194cf62ff1a0452c4436c017a595a5,d__Bacteria, p__Firmicutes, c__Bacilli, o__Lactobacillales, f__Lactobacillaceae, g__Lactobacillus
9e1ac459c5d8f5495b61ae4fd3ca3f27,d__Bacteria, p__Firmicutes, c__Clostridia, o__Lachnospirales, f__Lachnospiraceae, g__Lachnoclostridium
9e7125a102db8951720ec539b4e78113,d__Bacteria, p__Firmicutes, c__Bacilli, o__Lactobacillales, f__Streptococcaceae, g__Streptococcus
9eae7c99eef0776c8920ba9ab0c2b8b4,d__Bacteria, p__Firmicutes, c__Clostridia, o__Oscillospirales, f__Oscillospiraceae, g__Oscillibacter
a08e51322ac5413f32389f362e518aef,d__Bacteria, p__Bacteroidota, c__Bacteroidia, o__Bacteroidales, f__Muribaculaceae, g__Muribaculaceae
a0ed3c259f6fceaaed3ef1b212339fb9,d__Bacteria, p__Firmicutes, c__Clostridia, o__Lachnospirales, f__Lachnospiraceae, g__Lachnospiraceae_UCG-006, s__uncultured_bacterium
a18f63fbb021cb27d0fa3fe66101b7ed,d__Bacteria, p__Firmicutes, c__Clostridia, o__Clostridia_vadinBB60_group, f__Clostridia_vadinBB60_group, g__Clostridia_vadinBB60_group, s__unidentified
a1a801fa7a6a810bcaa95b672cc45d79,d__Bacteria, p__Firmicutes, c__Bacilli
a1b177320d5a1f43a414ff5bf50d6490,d__Bacteria, p__Firmicutes, c__Clostridia, o__Lachnospirales, f__Lachnospiraceae
a2219a9d615b767a7a93a2d7973dcc69,d__Bacteria, p__Bacteroidota, c__Bacteroidia, o__Bacteroidales, f__Muribaculaceae, g__Muribaculaceae, s__uncultured_Bacteroidales
a25f3714d9c6e1182774b9f1708c264b,d__Bacteria, p__Campilobacterota, c__Campylobacteria, o__Campylobacterales, f__Helicobacteraceae, g__Helicobacter
a30e6cf2f96f909077895294fe9cdb23,d__Bacteria, p__Bacteroidota, c__Bacteroidia, o__Bacteroidales, f__Muribaculaceae, g__Muribaculaceae
a33e83f023ba5e1cd862d4fb4860c07b,d__Bacteria, p__Firmicutes, c__Bacilli
a395edbcb5a5d2fdd42e3a3baffd555d,d__Bacteria, p__Firmicutes, c__Clostridia, o__Peptococcales, f__Peptococcaceae, g__uncultured, s__unidentified
a3aea2eefdb2882f03e08556a089f85c,d__Bacteria, p__Firmicutes, c__Clostridia, o__Clostridia_UCG-014, f__Clostridia_UCG-014, g__Clostridia_UCG-014
a3ff16ae7ca90d2955fac77ebffc08e5,d__Bacteria, p__Firmicutes, c__Clostridia, o__Lachnospirales, f__Lachnospiraceae
a47b4dc7cfdd15e4a610732ce5d2a494,d__Bacteria, p__Bacteroidota, c__Bacteroidia, o__Bacteroidales, f__Muribaculaceae, g__Muribaculaceae
a5b1bb2d17ef157e0f0dcf77b0276bd7,d__Bacteria, p__Firmicutes, c__Clostridia, o__Lachnospirales, f__Lachnospiraceae
a5e2f15ca16051f06368b83adff956e3,d__Bacteria, p__Firmicutes, c__Clostridia, o__Clostridia_UCG-014, f__Clostridia_UCG-014, g__Clostridia_UCG-014
a61f45cdf31d948cfec00ccb21bb98f1,d__Bacteria, p__Firmicutes, c__Clostridia, o__Lachnospirales, f__Lachnospiraceae, g__GCA-900066575, s__uncultured_bacterium
a6bde860f1975c36c1c92f76851a0c6c,d__Bacteria, p__Firmicutes, c__Clostridia, o__Lachnospirales, f__Lachnospiraceae
a6ec8ace9ba7d81d66cdb368ea2981b7,d__Bacteria, p__Firmicutes, c__Clostridia, o__Oscillospirales, f__Oscillospiraceae
a71cdb983f4aa92f7986bbba79bdf852,d__Bacteria, p__Bacteroidota, c__Bacteroidia, o__Bacteroidales, f__Muribaculaceae, g__Muribaculaceae, s__unidentified
a7a3757df1cc2c6c776b071cc2bb45e3,d__Bacteria, p__Firmicutes, c__Clostridia, o__Oscillospirales, f__Ruminococcaceae, g__Incertae_Sedis
a7c079da939ab8ea89e4b4531c4e0588,d__Bacteria, p__Firmicutes, c__Clostridia, o__Lachnospirales, f__Lachnospiraceae
a7fa662426ce3e2cae4b02bd81dbcd35,d__Bacteria, p__Firmicutes, c__Clostridia, o__Clostridia_vadinBB60_group, f__Clostridia_vadinBB60_group, g__Clostridia_vadinBB60_group, s__uncultured_bacterium
a83260ae5efd41945859904e88a99c81,d__Bacteria, p__Bacteroidota, c__Bacteroidia, o__Bacteroidales, f__Muribaculaceae, g__Muribaculaceae, s__uncultured_organism
a8c1c05eb02c629d48ea5650f8f49118,d__Bacteria, p__Firmicutes, c__Clostridia, o__Lachnospirales, f__Lachnospiraceae, g__Lachnospiraceae_UCG-001, s__unidentified
a8eb3e86e896febff5f3e223f84ba94b,d__Bacteria, p__Bacteroidota, c__Bacteroidia, o__Bacteroidales, f__Tannerellaceae, g__Parabacteroides, s__Parabacteroides_goldsteinii
a98806e7219f134139c7c08cb513dff0,d__Bacteria, p__Bacteroidota, c__Bacteroidia, o__Bacteroidales, f__Bacteroidaceae, g__Bacteroides
a9a0015052b629976dfce94f3aa37c1c,d__Bacteria, p__Firmicutes, c__Clostridia, o__Peptostreptococcales-Tissierellales, f__Anaerovoracaceae, g__[Eubacterium]_brachy_group, s__uncultured_bacterium
a9e655b715af0d6d1678bfb882216f1e,d__Bacteria, p__Firmicutes, c__Clostridia, o__Lachnospirales, f__Lachnospiraceae
aae071649568194b47df46feee11da03,d__Bacteria, p__Firmicutes, c__Clostridia, o__Clostridia_UCG-014, f__Clostridia_UCG-014, g__Clostridia_UCG-014
ab44862dfbb39d25dd3f5f93a63244c7,d__Bacteria, p__Bacteroidota, c__Bacteroidia, o__Bacteroidales, f__Rikenellaceae, g__Alistipes, s__uncultured_bacterium
ab562aadf89a7b6e0439c1309aac25c4,d__Bacteria, p__Firmicutes, c__Clostridia, o__Clostridia_UCG-014, f__Clostridia_UCG-014, g__Clostridia_UCG-014
ab710f55903115ee90699942c8c803b2,d__Bacteria, p__Firmicutes, c__Clostridia, o__Lachnospirales, f__Lachnospiraceae, g__Lachnospiraceae_NK4A136_group, s__uncultured_bacterium
ab7e99e2abf0e0abe74672af0eeb2dd3,d__Bacteria, p__Firmicutes, c__Clostridia, o__Clostridia_vadinBB60_group, f__Clostridia_vadinBB60_group, g__Clostridia_vadinBB60_group
ac1a97cb6ef73c044b75b06c16c343bc,d__Bacteria, p__Bacteroidota, c__Bacteroidia, o__Bacteroidales, f__Rikenellaceae, g__Rikenellaceae_RC9_gut_group, s__uncultured_organism
acc18bd166c367b52d66b8300fe75431,d__Bacteria, p__Bacteroidota, c__Bacteroidia, o__Bacteroidales, f__Muribaculaceae, g__Muribaculaceae, s__uncultured_bacterium
ad7fef1eb05c4d800c4aa48761a6cfc2,d__Bacteria, p__Firmicutes, c__Clostridia, o__Lachnospirales, f__Lachnospiraceae
adf57f5765096438bf7bbd04326d627a,d__Bacteria, p__Firmicutes, c__Clostridia, o__Oscillospirales, f__Ruminococcaceae, g__Anaerotruncus, s__uncultured_bacterium
ae36f0cd816a360f704fc02e23d77b28,d__Bacteria, p__Firmicutes, c__Clostridia, o__Lachnospirales, f__Lachnospiraceae, g__Roseburia, s__Eubacterium_sp.
ae3f6629c79d8e960dec7e51975b0a3d,d__Bacteria, p__Firmicutes, c__Clostridia, o__Lachnospirales, f__Lachnospiraceae
ae7f6b4b755c6bbd1eea0fe8a466909f,d__Bacteria, p__Firmicutes, c__Clostridia, o__Clostridia_UCG-014, f__Clostridia_UCG-014, g__Clostridia_UCG-014, s__unidentified
af10a138550c12fd6312e6db89d4a813,d__Bacteria, p__Bacteroidota, c__Bacteroidia, o__Bacteroidales, f__Muribaculaceae, g__Muribaculaceae, s__uncultured_bacterium
af8d8c5035e2e91ae2e5f55c67224a88,d__Bacteria, p__Firmicutes, c__Bacilli, o__Staphylococcales, f__Staphylococcaceae, g__Staphylococcus, s__Staphylococcus_lentus
b029c3969abc11b1fc37e198e5cd264e,d__Bacteria, p__Firmicutes, c__Clostridia, o__Oscillospirales, f__Ruminococcaceae, g__Ruminococcus, s__unidentified
b05cb6d606346e0838a1658e7f5d81cf,d__Bacteria, p__Proteobacteria, c__Gammaproteobacteria, o__Burkholderiales, f__Sutterellaceae, g__Parasutterella
b11d516ae81b6b7b860daa2be226649a,d__Bacteria, p__Firmicutes, c__Clostridia, o__Lachnospirales, f__Lachnospiraceae, g__Lachnospiraceae_UCG-001, s__uncultured_bacterium
b14865baa1e41907fdf5844a8be6ca38,d__Bacteria, p__Firmicutes, c__Bacilli, o__Lactobacillales, f__Lactobacillaceae, g__Lactobacillus
b15d7a4b2fbf7682696a9ba03f953641,d__Bacteria, p__Firmicutes, c__Clostridia, o__Oscillospirales, f__Ruminococcaceae, g__Incertae_Sedis
b1bc415e9c5d9d60f5e4dca30d4da9b7,d__Bacteria, p__Bacteroidota, c__Bacteroidia, o__Bacteroidales, f__Muribaculaceae, g__Muribaculaceae, s__uncultured_bacterium
b20b8aa4bd244d965316a278875a1469,d__Bacteria, p__Bacteroidota, c__Bacteroidia, o__Bacteroidales, f__Muribaculaceae, g__Muribaculaceae, s__uncultured_Bacteroidales
b21bbd9f9a9ee207b793d76c06672371,d__Bacteria, p__Bacteroidota, c__Bacteroidia, o__Bacteroidales, f__Muribaculaceae, g__Muribaculaceae, s__uncultured_bacterium
b3dcc0fd3cd0c82ded1f95e29eb47ffe,d__Bacteria, p__Firmicutes, c__Clostridia, o__Peptococcales, f__Peptococcaceae, g__Peptococcus
b4cc321368085c41af257f75e83793b3,d__Bacteria, p__Firmicutes, c__Clostridia, o__Lachnospirales, f__Lachnospiraceae, g__Lachnoclostridium
b4ec94217791dc0bab580d4288ade796,d__Bacteria, p__Actinobacteriota, c__Coriobacteriia, o__Coriobacteriales, f__Atopobiaceae, g__Coriobacteriaceae_UCG-002, s__uncultured_bacterium
b529c8dda4b277b828ebe9b9bdc087bb,d__Bacteria, p__Bacteroidota, c__Bacteroidia, o__Bacteroidales, f__Bacteroidaceae, g__Bacteroides
b58ea03fe3dc853f990238ff6e026e16,d__Bacteria, p__Bacteroidota, c__Bacteroidia, o__Bacteroidales, f__Muribaculaceae, g__Muribaculaceae, s__uncultured_Bacteroidales
b5cb8a7e242db4016e15c5bf0943a9ce,d__Bacteria, p__Firmicutes, c__Clostridia, o__Clostridia_UCG-014, f__Clostridia_UCG-014, g__Clostridia_UCG-014
b62296fda4210afbee8b33ffff02a04b,d__Bacteria, p__Firmicutes, c__Clostridia, o__Lachnospirales, f__Lachnospiraceae, g__Lachnospiraceae_NK4A136_group
b6635d67cb594473ddba9f8cfba5d13d,d__Bacteria, p__Bacteroidota, c__Bacteroidia, o__Bacteroidales, f__Bacteroidaceae, g__Bacteroides, s__Bacteroides_vulgatus
b6c1a8ba78f65c4a4e96627ccc53ac86,d__Bacteria, p__Firmicutes, c__Bacilli, o__Lactobacillales, f__Lactobacillaceae, g__Lactobacillus
b6f5a4399f6bd346ea7f591db5595a02,d__Bacteria, p__Firmicutes, c__Clostridia, o__Lachnospirales, f__Lachnospiraceae
b7409db20419d9921bb75f9b0129d9ad,d__Bacteria, p__Firmicutes, c__Clostridia, o__Lachnospirales, f__Lachnospiraceae, g__Lachnospiraceae_UCG-006
b8aac847144c04285bc3bb3f60a2782f,d__Bacteria, p__Firmicutes, c__Clostridia, o__Lachnospirales, f__Lachnospiraceae
b91b43523a9a623c12d1f6d81fe9109a,d__Bacteria, p__Firmicutes, c__Clostridia, o__Oscillospirales, f__Butyricicoccaceae, g__Butyricicoccus, s__uncultured_bacterium
b9b10828ba7f31fb7ff57afdcdcb097a,d__Bacteria, p__Firmicutes, c__Clostridia, o__Oscillospirales, f__Oscillospiraceae
baab695bd57246eb38ec8cbe91b87b20,d__Bacteria, p__Bacteroidota, c__Bacteroidia, o__Bacteroidales, f__Muribaculaceae, g__Muribaculaceae, s__uncultured_Bacteroidales
bae39ec91c3bbfe88c9a61bdd9a3cd0a,d__Bacteria, p__Firmicutes, c__Bacilli, o__Lactobacillales, f__Lactobacillaceae, g__Lactobacillus
bae742fe04fbc970339d15f8be7d5d0e,d__Bacteria, p__Firmicutes, c__Clostridia, o__Peptococcales, f__Peptococcaceae, g__uncultured
bae843c436b8cf33023622fdcf2fd7c9,d__Bacteria, p__Firmicutes, c__Clostridia, o__Lachnospirales, f__Lachnospiraceae
bb6295910294ee12c63ceb279a77862c,d__Bacteria, p__Firmicutes, c__Clostridia, o__Lachnospirales, f__Lachnospiraceae
bbcfe9ddd51ab083d446b0bb03f59068,d__Bacteria, p__Firmicutes, c__Bacilli, o__Lactobacillales, f__Lactobacillaceae, g__Lactobacillus
bbf314ff5ed38dd900afce7ad8750a10,d__Bacteria, p__Firmicutes, c__Clostridia, o__Oscillospirales, f__Butyricicoccaceae, g__Butyricicoccus, s__uncultured_bacterium
bc5355f3a294bc01a50e64cd8fdd2151,d__Bacteria, p__Firmicutes, c__Bacilli, o__RF39, f__RF39, g__RF39, s__uncultured_bacterium
bc870ddc91fc262ea74d6247a1d07076,d__Bacteria, p__Firmicutes, c__Bacilli, o__Lactobacillales, f__Streptococcaceae, g__Streptococcus, s__Streptococcus_danieliae
bccbf865db1bae1077517bd21170722d,d__Bacteria, p__Firmicutes, c__Clostridia, o__Lachnospirales, f__Lachnospiraceae, g__Lachnospiraceae_NK4A136_group
bddee504424cb052101e5a151585d733,d__Bacteria, p__Firmicutes, c__Clostridia, o__Lachnospirales, f__Lachnospiraceae
bf049c9a4193cfd12d1742544a6f764c,d__Bacteria, p__Firmicutes, c__Clostridia, o__Lachnospirales, f__Lachnospiraceae, g__[Eubacterium]_ventriosum_group, s__uncultured_Clostridiales
bf3c0011f140eaca642a4816236a5897,d__Bacteria, p__Firmicutes, c__Bacilli, o__Bacillales, f__Bacillaceae, g__Bacillus, s__Lactobacillus_vaginalis
bf62a4ab99a8241d5a7c8a5b395c9bb0,d__Bacteria, p__Bacteroidota, c__Bacteroidia, o__Bacteroidales, f__Muribaculaceae, g__Muribaculaceae, s__uncultured_bacterium
bf72f1454587c6b069dfa8ff3e42ff84,d__Bacteria, p__Firmicutes, c__Clostridia, o__Lachnospirales, f__Lachnospiraceae, g__Lachnospiraceae_NK4A136_group
c0028e84ca13284d9d090359d70675f3,d__Bacteria, p__Firmicutes, c__Clostridia, o__Lachnospirales, f__Lachnospiraceae, g__Lachnospiraceae_NK4A136_group
c049ceac629663b633fcfb00df36d77c,d__Bacteria, p__Firmicutes, c__Bacilli, o__Erysipelotrichales, f__Erysipelatoclostridiaceae, g__Erysipelatoclostridium, s__unidentified
c052a9548dafdb7e60155e80657eceeb,d__Bacteria, p__Firmicutes, c__Clostridia, o__Lachnospirales, f__Lachnospiraceae
c08d56a2152f3584bc080b7234a0c6eb,d__Bacteria, p__Firmicutes, c__Clostridia, o__Oscillospirales, f__Oscillospiraceae
c0a472775f09ea4c7c8618c1cccaddfd,d__Bacteria, p__Firmicutes, c__Clostridia, o__Lachnospirales, f__Lachnospiraceae, g__A2, s__uncultured_bacterium
c0ced053b7bc5a9f80a2def2ff5d208d,d__Bacteria, p__Firmicutes, c__Clostridia, o__Lachnospirales, f__Lachnospiraceae
c129a59d5e98f814e0d02634b04f88d2,d__Bacteria, p__Bacteroidota, c__Bacteroidia, o__Bacteroidales, f__Muribaculaceae, g__Muribaculaceae
c1a63e2da7ca4e2a04fed8822dee335b,d__Bacteria, p__Firmicutes, c__Clostridia, o__Clostridia_UCG-014, f__Clostridia_UCG-014, g__Clostridia_UCG-014
c1ed9ef4fcc459687603cc299ad66f57,d__Bacteria, p__Firmicutes, c__Clostridia, o__Oscillospirales, f__Oscillospiraceae, g__Intestinimonas
c398ca4d4866208a95890ca567be7730,d__Bacteria, p__Firmicutes, c__Clostridia, o__Lachnospirales, f__Lachnospiraceae
c433f31e4fe69a210d1081400785aa2e,d__Bacteria, p__Firmicutes, c__Clostridia, o__Lachnospirales, f__Lachnospiraceae
c4fb58da9aff3c83c971c488ebd3cb70,d__Bacteria, p__Firmicutes, c__Clostridia, o__Lachnospirales, f__Lachnospiraceae, g__GCA-900066575, s__uncultured_bacterium
c625a1db96ab91c4bc591c0964ad2e53,d__Bacteria, p__Deferribacterota, c__Deferribacteres, o__Deferribacterales, f__Deferribacteraceae, g__Mucispirillum, s__Mucispirillum_schaedleri
c68da04e2127a198e9df423c0f133308,d__Bacteria, p__Desulfobacterota, c__Desulfovibrionia, o__Desulfovibrionales, f__Desulfovibrionaceae, g__uncultured, s__uncultured_Desulfovibrionales
c7257bd17077580eef9a39f461d4106d,d__Bacteria, p__Firmicutes, c__Clostridia, o__Lachnospirales, f__Lachnospiraceae
c728a625f2af18289115ab4b7627ff71,d__Bacteria, p__Firmicutes, c__Clostridia, o__Clostridia_UCG-014, f__Clostridia_UCG-014, g__Clostridia_UCG-014
c76f665700ef7f180098d2f07e135253,d__Bacteria, p__Firmicutes, c__Clostridia, o__Oscillospirales, f__Ruminococcaceae, g__uncultured
c7e9700eba384f1ae9d29e2a4225d3f5,d__Bacteria, p__Firmicutes, c__Bacilli, o__Staphylococcales, f__Staphylococcaceae, g__Staphylococcus
c80631da280c0bb3921d4fd9e2f163b3,d__Bacteria, p__Firmicutes, c__Bacilli, o__Lactobacillales, f__Lactobacillaceae, g__Lactobacillus
c8b7e5ee0a6ebe6aeea605224e9a491c,d__Bacteria, p__Firmicutes, c__Clostridia, o__Lachnospirales, f__Lachnospiraceae
c9505132018840cefe4e0bddac4d9bec,d__Bacteria, p__Firmicutes, c__Clostridia, o__Peptostreptococcales-Tissierellales, f__Anaerovoracaceae, g__[Eubacterium]_brachy_group, s__uncultured_bacterium
c958cbbf678c72d81532c9524793133f,d__Bacteria, p__Firmicutes, c__Clostridia, o__Lachnospirales, f__Lachnospiraceae
c98a88d7223d51f3036702ae226208e4,d__Bacteria, p__Firmicutes, c__Clostridia, o__Oscillospirales, f__Oscillospiraceae, g__Colidextribacter
ca24aba12f71cec6b04f7c7bbf858970,d__Bacteria, p__Firmicutes, c__Clostridia, o__Oscillospirales, f__Ruminococcaceae, g__Incertae_Sedis, s__uncultured_bacterium
cb7b937fdccf682f018b57aa6b9d92b2,d__Bacteria, p__Actinobacteriota, c__Actinobacteria, o__Bifidobacteriales, f__Bifidobacteriaceae, g__Bifidobacterium
cbcac742ee0fe0fc0887caec139df345,d__Bacteria, p__Firmicutes, c__Clostridia, o__Oscillospirales, f__Oscillospiraceae, g__Oscillibacter, s__uncultured_bacterium
cc317363688ee459f5eabf6de028af01,d__Bacteria, p__Firmicutes, c__Clostridia, o__Lachnospirales, f__Lachnospiraceae
cc317e92246b4428b3aee0ede910c48c,d__Bacteria, p__Firmicutes, c__Clostridia, o__Clostridia_UCG-014, f__Clostridia_UCG-014, g__Clostridia_UCG-014
cc835cc7ebc38d0e1d73df0367a8a232,d__Bacteria, p__Firmicutes, c__Clostridia, o__Lachnospirales, f__Lachnospiraceae
ccb2f7758da8224d78b4320a96557bf3,d__Bacteria, p__Firmicutes, c__Bacilli, o__Lactobacillales, f__Lactobacillaceae, g__Lactobacillus
ccd8d159fb729f3445532bc326600d8d,d__Bacteria, p__Firmicutes, c__Clostridia, o__Oscillospirales, f__Ruminococcaceae, g__Incertae_Sedis, s__uncultured_bacterium
cd33d521d1dfcb297336e993ca998d2d,d__Bacteria, p__Firmicutes, c__Clostridia, o__Lachnospirales, f__Lachnospiraceae, g__Lachnoclostridium
cd80dd1cd9e3c865247031431704a396,d__Bacteria, p__Firmicutes, c__Bacilli, o__Lactobacillales, f__Lactobacillaceae, g__Lactobacillus
ce186b1b765739648883b5233c15b2bc,d__Bacteria, p__Bacteroidota, c__Bacteroidia, o__Bacteroidales, f__Muribaculaceae, g__Muribaculaceae, s__uncultured_bacterium
ce2c967a3c7bf7381e7ae5d2835091a4,d__Bacteria, p__Firmicutes, c__Clostridia, o__Lachnospirales, f__Lachnospiraceae
ce56a7072318d0d48b6d0cf11e232d16,d__Bacteria, p__Firmicutes, c__Clostridia, o__Lachnospirales, f__Lachnospiraceae
cedd868c934a96c93be6be397d6906f3,d__Bacteria, p__Firmicutes, c__Clostridia, o__Lachnospirales, f__Lachnospiraceae
cf027e595318e96b4d9b1f117910a192,d__Bacteria, p__Firmicutes, c__Bacilli, o__Lactobacillales, f__Lactobacillaceae, g__Lactobacillus
cfb74a6ad6ae05af94a1dcea08532ee5,d__Bacteria, p__Firmicutes, c__Clostridia, o__Oscillospirales, f__Oscillospiraceae, g__Oscillibacter
cffd8f7b44bd7d963294d60cc67092dd,d__Bacteria, p__Firmicutes, c__Clostridia, o__Lachnospirales, f__Lachnospiraceae
d0a152210e2ca09c67ee88a1b3a26ab3,d__Bacteria, p__Firmicutes, c__Clostridia, o__Lachnospirales, f__Lachnospiraceae
d0f41727c87529f0b22ed5754324f937,d__Bacteria, p__Firmicutes, c__Clostridia, o__Lachnospirales, f__Lachnospiraceae, g__Lachnospiraceae_NK4A136_group, s__uncultured_bacterium
d187bafb45edd127a9c101cb07c20e09,d__Bacteria, p__Firmicutes, c__Clostridia, o__Lachnospirales, f__Lachnospiraceae
d1b3c24bee11d73dd5a01f0747390e5b,d__Bacteria, p__Firmicutes, c__Bacilli, o__Lactobacillales, f__Lactobacillaceae, g__Lactobacillus
d202f3307c961e13204522d055c7ce59,d__Bacteria, p__Firmicutes, c__Clostridia, o__Lachnospirales, f__Lachnospiraceae
d216699703c6b92ccd7d442f757e4f73,d__Bacteria, p__Firmicutes, c__Clostridia, o__Oscillospirales, f__Ruminococcaceae, g__Incertae_Sedis, s__uncultured_bacterium
d272bf25781448dde9031a24679a9012,d__Bacteria, p__Bacteroidota, c__Bacteroidia, o__Bacteroidales, f__Bacteroidaceae, g__Bacteroides
d2a1963d56a6de56da5199954610f855,d__Bacteria, p__Bacteroidota, c__Bacteroidia, o__Bacteroidales, f__Muribaculaceae, g__Muribaculaceae
d2a42cbb202318280734739d972f7978,d__Bacteria, p__Bacteroidota, c__Bacteroidia, o__Bacteroidales, f__Bacteroidaceae, g__Bacteroides, s__Bacteroides_vulgatus
d2b123302fb5a94596cb2fe094c8dad7,d__Bacteria, p__Firmicutes, c__Clostridia, o__Lachnospirales, f__Lachnospiraceae
d2db856518fd766a454c3e2f8e8679f0,d__Bacteria, p__Bacteroidota, c__Bacteroidia, o__Bacteroidales, f__Rikenellaceae, g__Alistipes, s__uncultured_bacterium
d33d84f90d2924040cf2eb66c7abe2fc,d__Bacteria, p__Firmicutes, c__Bacilli, o__Lactobacillales, f__Lactobacillaceae, g__Lactobacillus
d45736b6f82debb4d08dfca41d6847da,d__Bacteria, p__Firmicutes, c__Clostridia, o__Oscillospirales, f__Oscillospiraceae
d47c3e0c088f9573cf1fef5c3a32b048,d__Bacteria, p__Firmicutes, c__Clostridia, o__Oscillospirales, f__Ruminococcaceae, g__Anaerotruncus, s__uncultured_bacterium
d56eaa36a4b7bef8907a79d5b40dbf5f,d__Bacteria, p__Firmicutes, c__Clostridia, o__Clostridia_vadinBB60_group, f__Clostridia_vadinBB60_group, g__Clostridia_vadinBB60_group, s__unidentified
d585fd2188706c6e80793a7b50b3a779,d__Bacteria, p__Firmicutes, c__Clostridia, o__Lachnospirales, f__Lachnospiraceae, g__Blautia, s__unidentified
d5ec353771b0d1c54dfe52f2e2d9a089,d__Bacteria, p__Firmicutes, c__Clostridia, o__Lachnospirales, f__Lachnospiraceae
d5f054df843833cf00325882a9d6f8a8,d__Bacteria, p__Firmicutes, c__Clostridia, o__Lachnospirales, f__Lachnospiraceae
d69ec305e55c09fb5227943d19503f8b,d__Bacteria, p__Firmicutes, c__Clostridia, o__Lachnospirales, f__Lachnospiraceae, g__Roseburia, s__Clostridium_sp.
d6f6819315230e8d29170aa908269c34,d__Bacteria, p__Firmicutes, c__Clostridia, o__Lachnospirales, f__Lachnospiraceae, g__Lachnospiraceae_NK4A136_group
d7520dd99322ba43ae4332d331315af1,d__Bacteria, p__Firmicutes, c__Clostridia, o__Lachnospirales, f__Lachnospiraceae, g__Lachnospiraceae_NK4A136_group
d81e5971134008e59c9a6753f80f12cd,d__Bacteria, p__Firmicutes, c__Bacilli, o__RF39, f__RF39, g__RF39, s__unidentified
d905189c7cc95dd740900394eacb4d9f,d__Bacteria, p__Firmicutes, c__Bacilli, o__Lactobacillales, f__Lactobacillaceae, g__Lactobacillus, s__gut_metagenome
d9f8c1e1d4dae43bf4e90ddea0712d58,d__Bacteria, p__Firmicutes, c__Clostridia, o__Oscillospirales, f__Ruminococcaceae, g__Incertae_Sedis, s__Clostridium_sp.
da341a94f4697dab148d34ccbdad9ed8,d__Bacteria, p__Firmicutes, c__Clostridia, o__Lachnospirales, f__Lachnospiraceae, g__GCA-900066575, s__uncultured_bacterium
da894e460bcf635cf1b20e0c9361a4db,d__Bacteria, p__Bacteroidota, c__Bacteroidia, o__Bacteroidales, f__Muribaculaceae, g__Muribaculaceae
dae851685e5b5cce4b86f1d0f66641fc,d__Bacteria, p__Firmicutes, c__Bacilli, o__Lactobacillales, f__Lactobacillaceae, g__Lactobacillus
db24050d1b1c55d82cc94544698c3670,d__Bacteria, p__Firmicutes, c__Clostridia, o__Lachnospirales, f__Lachnospiraceae, g__Lachnospiraceae_NK4A136_group
db79c4d460a806bc26e762c2be4c76d4,d__Bacteria, p__Firmicutes, c__Clostridia, o__Lachnospirales, f__Lachnospiraceae, g__[Eubacterium]_oxidoreducens_group, s__uncultured_bacterium
dba42fd5fa555c066ec22372dd68225c,d__Bacteria, p__Firmicutes, c__Clostridia, o__Oscillospirales, f__Oscillospiraceae
dbbe813b201ec15a7877822b79adb5b0,d__Bacteria, p__Firmicutes, c__Bacilli, o__Lactobacillales, f__Lactobacillaceae, g__Lactobacillus
dc9cbbd1b7de998b82fea899957ca40a,d__Bacteria, p__Firmicutes, c__Bacilli
dcd1ed4e7a5785653cfca1c50cc62cf2,d__Bacteria, p__Firmicutes, c__Clostridia, o__Lachnospirales, f__Lachnospiraceae
dd743437a8d4cbd4fae3e2274b64e7fc,d__Bacteria, p__Firmicutes, c__Clostridia, o__Lachnospirales, f__Lachnospiraceae, g__Lachnoclostridium
dd80586956db79d480f6a5cd69017286,d__Bacteria, p__Firmicutes, c__Clostridia, o__Oscillospirales, f__Oscillospiraceae
ddf507751b49961b729adbcef3eaf3c7,d__Bacteria, p__Firmicutes, c__Clostridia, o__Lachnospirales, f__Lachnospiraceae
de086ad2ea3d649a4a98cffd1c6d31a9,d__Bacteria, p__Firmicutes, c__Clostridia, o__Oscillospirales, f__Ruminococcaceae, g__Incertae_Sedis, s__uncultured_bacterium
deabfa9b86859ef2403b750939009ee3,d__Bacteria, p__Firmicutes, c__Clostridia, o__Lachnospirales, f__Lachnospiraceae, g__Blautia
dee5f395664a71de3c2c34c4bfff411a,d__Bacteria, p__Firmicutes, c__Clostridia, o__Lachnospirales, f__Lachnospiraceae
dfa833b266bd2993b86feab3617b34c3,d__Bacteria, p__Verrucomicrobiota, c__Verrucomicrobiae, o__Verrucomicrobiales, f__Akkermansiaceae, g__Akkermansia
e00af2fd551160e54cee46d7bb7cc763,d__Bacteria, p__Firmicutes, c__Clostridia, o__Clostridia_vadinBB60_group, f__Clostridia_vadinBB60_group, g__Clostridia_vadinBB60_group, s__uncultured_bacterium
e014683cd1c94833812146d299696709,d__Bacteria, p__Bacteroidota, c__Bacteroidia, o__Bacteroidales, f__Rikenellaceae, g__Alistipes, s__uncultured_bacterium
e0b0a7ad510ead979385562710216501,d__Bacteria, p__Firmicutes, c__Bacilli, o__Lactobacillales, f__Lactobacillaceae, g__Lactobacillus, s__Lactobacillus_intestinalis
e12cb15d3f1ac7cc13b68f6324088339,d__Bacteria, p__Firmicutes, c__Clostridia, o__Lachnospirales, f__Lachnospiraceae
e175ffa8dcd0c86ee36d1cf2e0bb16e0,d__Bacteria, p__Firmicutes, c__Clostridia, o__Lachnospirales, f__Lachnospiraceae
e1d098412c88700cbd3c119e7c62f2ca,d__Bacteria, p__Firmicutes, c__Bacilli, o__Lactobacillales, f__Aerococcaceae, g__Aerococcus
e1e11bd34a38fa815033a3d66a912a2f,d__Bacteria, p__Campilobacterota, c__Campylobacteria, o__Campylobacterales, f__Helicobacteraceae, g__Helicobacter, s__Helicobacter_marmotae
e29c99f8a4c9617e4ea6e88c27f33c92,d__Bacteria, p__Firmicutes, c__Clostridia, o__Clostridia_vadinBB60_group, f__Clostridia_vadinBB60_group, g__Clostridia_vadinBB60_group, s__unidentified
e2eb5c0101662445b8fecbbc45b1c275,d__Bacteria, p__Bacteroidota, c__Bacteroidia, o__Bacteroidales, f__Muribaculaceae, g__Muribaculaceae, s__uncultured_Bacteroidales
e304bdb0262a6b1d89d61b74cb36e168,d__Bacteria, p__Bacteroidota, c__Bacteroidia, o__Bacteroidales, f__Bacteroidaceae, g__Bacteroides, s__Bacteroides_vulgatus
e315aec29cb2e804509ed6df185ebb16,d__Bacteria, p__Firmicutes, c__Clostridia, o__Lachnospirales, f__Lachnospiraceae
e399a15427ead6c8a6557f052e0fcd32,d__Bacteria, p__Firmicutes, c__Clostridia, o__Clostridia_UCG-014, f__Clostridia_UCG-014, g__Clostridia_UCG-014
e3a1ce78be71c193d48a59ac3788a6fc,d__Bacteria, p__Firmicutes, c__Clostridia, o__Lachnospirales, f__Lachnospiraceae, g__Lachnospiraceae_NK4A136_group, s__uncultured_bacterium
e3a7e679803930e26907d816d2e6b7b3,d__Bacteria, p__Firmicutes, c__Clostridia, o__Oscillospirales, f__Ruminococcaceae, g__uncultured, s__uncultured_bacterium
e41375bd06424fdf1659448e6416bfd2,d__Bacteria, p__Firmicutes, c__Clostridia, o__Lachnospirales, f__Lachnospiraceae, g__Lachnospiraceae_NK4A136_group, s__uncultured_Clostridiales
e59eee9966629f136b8a5a48c7e64728,d__Bacteria, p__Firmicutes, c__Clostridia, o__Clostridia_vadinBB60_group, f__Clostridia_vadinBB60_group, g__Clostridia_vadinBB60_group
e64adc3e5db5e317355902efa6e1a28e,d__Bacteria, p__Firmicutes, c__Clostridia, o__Lachnospirales, f__Lachnospiraceae, g__Marvinbryantia, s__Clostridiales_bacterium
e68232c813113acedf433f2403824273,d__Bacteria, p__Firmicutes, c__Clostridia, o__Oscillospirales, f__Oscillospiraceae, g__Oscillibacter, s__uncultured_bacterium
e6b05a69bc7fa8dc428caa3d409c9fbb,d__Bacteria, p__Bacteroidota, c__Bacteroidia, o__Bacteroidales, f__Muribaculaceae, g__Muribaculaceae, s__uncultured_bacterium
e6d0647a222b16af885e120a1cdee720,d__Bacteria, p__Firmicutes, c__Clostridia, o__Oscillospirales, f__Ruminococcaceae, g__uncultured
e7aa26a79f359504c44572a115aa826b,d__Bacteria, p__Firmicutes, c__Clostridia, o__Lachnospirales, f__Lachnospiraceae
e8aaedc4c0d09855711590eaae9f2da6,d__Bacteria, p__Bacteroidota, c__Bacteroidia, o__Bacteroidales, f__Rikenellaceae, g__Alistipes
e8ad6d88ff8cddfcfd8a4d724cee15e1,d__Bacteria, p__Firmicutes, c__Clostridia, o__Clostridia_vadinBB60_group, f__Clostridia_vadinBB60_group, g__Clostridia_vadinBB60_group, s__uncultured_bacterium
e8ed0907c731eee94b9cf18c7d2663dd,d__Bacteria, p__Firmicutes, c__Clostridia, o__Lachnospirales, f__Lachnospiraceae
e94a9da4bdf2d1d6fd8b6216ea53a5ab,d__Bacteria, p__Firmicutes, c__Bacilli
e9b2dd709e597470d2d8ded16c2bad44,d__Bacteria, p__Firmicutes, c__Clostridia, o__Oscillospirales, f__Oscillospiraceae, g__uncultured, s__uncultured_bacterium
eaa1b8f83e64d38c1a2d60a817056d36,d__Bacteria, p__Firmicutes, c__Clostridia, o__Oscillospirales, f__Oscillospiraceae, g__Oscillibacter
eabd41028b3b1a9535b2cfe48549ae7f,d__Bacteria, p__Firmicutes, c__Clostridia, o__Lachnospirales, f__Lachnospiraceae
eb2a1bdda09ad78fccd11bbf24d218ac,d__Bacteria, p__Firmicutes, c__Clostridia, o__Lachnospirales, f__Lachnospiraceae
eb68501e24a861edb62cad3324f965cf,d__Bacteria, p__Bacteroidota, c__Bacteroidia, o__Bacteroidales, f__Muribaculaceae, g__Muribaculaceae, s__uncultured_bacterium
ed9b4b764e352bbceae25babfc6f6acb,d__Bacteria, p__Firmicutes, c__Clostridia, o__Lachnospirales, f__Lachnospiraceae
edc87298bf055f439613382eda59bb49,d__Bacteria, p__Firmicutes, c__Bacilli, o__Lactobacillales, f__Lactobacillaceae, g__Lactobacillus
ee88800fb63646d8ffbffb52664c9ea7,d__Bacteria, p__Firmicutes, c__Clostridia, o__Oscillospirales, f__Ruminococcaceae, g__UBA1819, s__uncultured_bacterium
ee906f614e4ebc7b3a733dddb7312508,d__Bacteria, p__Firmicutes, c__Bacilli, o__Erysipelotrichales, f__Erysipelatoclostridiaceae, g__Erysipelatoclostridium, s__unidentified
eef5233fe8f458a87e488b0141cbf062,d__Bacteria, p__Firmicutes, c__Clostridia, o__Christensenellales, f__Christensenellaceae, g__Christensenellaceae, s__Christensenella_sp.
ef14bca2d48add8a0a2c6ed6d82df58c,d__Bacteria, p__Firmicutes, c__Clostridia, o__Lachnospirales, f__Lachnospiraceae, g__Lachnoclostridium
efd16e2812ba5e6e2dac44acccf7ca0e,d__Bacteria
f085fc752da0d9f6b53bda5a3544d75e,d__Bacteria, p__Firmicutes, c__Clostridia, o__Lachnospirales, f__Lachnospiraceae
f17a432d453766621511d977f2055939,d__Bacteria, p__Firmicutes, c__Clostridia, o__Clostridia_vadinBB60_group, f__Clostridia_vadinBB60_group, g__Clostridia_vadinBB60_group
f1af9421e9f77622ee75388247a564f5,d__Bacteria, p__Firmicutes, c__Bacilli
f211fa3ad27d25782d9e790b71e3d355,d__Bacteria, p__Firmicutes, c__Clostridia, o__Oscillospirales, f__Oscillospiraceae
f24661c2241ba01165750dce08c99208,d__Bacteria, p__Firmicutes, c__Clostridia, o__Lachnospirales, f__Lachnospiraceae
f24fb97f9535ab02ce6f7913c70cc0ee,d__Bacteria, p__Desulfobacterota, c__Desulfovibrionia, o__Desulfovibrionales, f__Desulfovibrionaceae, g__Desulfovibrio, s__uncultured_bacterium
f29dd546a8a13a23d642556853baa9bc,d__Bacteria, p__Firmicutes, c__Bacilli, o__Lactobacillales, f__Lactobacillaceae, g__Lactobacillus
f30e34615227fb494c91d21f07600494,d__Bacteria, p__Firmicutes, c__Clostridia, o__Lachnospirales, f__Lachnospiraceae, g__ASF356, s__uncultured_Clostridiales
f34fd15993e221eafdd334d97aebc8c9,d__Bacteria, p__Firmicutes, c__Clostridia, o__Lachnospirales, f__Lachnospiraceae
f367f1804562637beda20b5f0f1844dc,d__Bacteria, p__Firmicutes, c__Clostridia, o__Lachnospirales, f__Lachnospiraceae
f3af51f3f43889493bd30ca85a993721,d__Bacteria, p__Campilobacterota, c__Campylobacteria, o__Campylobacterales, f__Helicobacteraceae, g__Helicobacter
f4443734566f96c1ab12e6e5b28b1e9b,d__Bacteria, p__Bacteroidota, c__Bacteroidia, o__Bacteroidales, f__Muribaculaceae, g__Muribaculaceae, s__uncultured_bacterium
f448b68d3f43ee04b9c47209ae186801,d__Bacteria, p__Firmicutes, c__Clostridia, o__Oscillospirales, f__Butyricicoccaceae, g__UCG-009
f49b6dab9667b7929bb08a81b4d58ab1,d__Bacteria, p__Bacteroidota, c__Bacteroidia, o__Bacteroidales, f__Bacteroidaceae, g__Bacteroides
f4b946aa0c512befbc9abcc303de0c8c,d__Bacteria, p__Firmicutes, c__Clostridia, o__Oscillospirales, f__[Eubacterium]_coprostanoligenes_group, g__[Eubacterium]_coprostanoligenes_group
f4fac2a0b9f60fc53422f64f8e1c4fd5,d__Bacteria, p__Firmicutes, c__Clostridia, o__Lachnospirales, f__Lachnospiraceae
f4ff14d3f52ba2184c15467038504692,d__Bacteria, p__Firmicutes, c__Bacilli, o__Lactobacillales, f__Lactobacillaceae, g__Lactobacillus
f5210c9c83b265473ce108300278d8bf,d__Bacteria, p__Firmicutes, c__Clostridia, o__Lachnospirales, f__Lachnospiraceae
f59ee6e40c4438a5d32b2bd1e7a6c50b,d__Bacteria, p__Bacteroidota, c__Bacteroidia, o__Bacteroidales, f__Rikenellaceae, g__Alistipes, s__uncultured_bacterium
f5dc601245b2bf7af6d9592b78f3306f,d__Bacteria, p__Firmicutes, c__Bacilli, o__Lactobacillales, f__Lactobacillaceae, g__Lactobacillus
f615ac13e0ad288606206ef6e51ff00f,d__Bacteria, p__Firmicutes, c__Clostridia, o__Lachnospirales, f__Lachnospiraceae, g__Roseburia, s__uncultured_bacterium
f6ab4281ac86631132d95041834e11c9,d__Bacteria, p__Firmicutes, c__Clostridia, o__Lachnospirales, f__Lachnospiraceae, g__Lachnospiraceae_NK4A136_group
f6dff704745f31eac456a5be103981c8,d__Bacteria, p__Bacteroidota, c__Bacteroidia, o__Bacteroidales, f__Bacteroidaceae, g__Bacteroides
f7d0518f8796d07ecdb3c489994f856f,d__Bacteria, p__Firmicutes, c__Clostridia, o__Oscillospirales, f__Ruminococcaceae, g__Incertae_Sedis
f858bcb19c610e0187ebd60bda2d7c84,d__Bacteria, p__Firmicutes, c__Clostridia, o__Lachnospirales, f__Lachnospiraceae
f85bb0a7fb3c6424429c7c02dba024d1,d__Bacteria, p__Firmicutes, c__Clostridia, o__Clostridia_UCG-014, f__Clostridia_UCG-014, g__Clostridia_UCG-014, s__unidentified
f864a9bb7b607fb3e1fa9c79b238c56d,d__Bacteria, p__Firmicutes, c__Clostridia, o__Oscillospirales, f__Ruminococcaceae, g__UBA1819, s__uncultured_bacterium
f91d3b38973a1fa96271b404adbecbbc,d__Bacteria, p__Bacteroidota, c__Bacteroidia, o__Bacteroidales, f__Muribaculaceae, g__Muribaculaceae
f95f4498cbba179a0ee30f2ae73b98b8,d__Bacteria, p__Firmicutes, c__Bacilli, o__Erysipelotrichales, f__Erysipelatoclostridiaceae, g__Erysipelatoclostridium
f9e09116bd536c0a53c6f31d7ded2371,d__Bacteria, p__Firmicutes, c__Bacilli, o__Lactobacillales, f__Lactobacillaceae, g__Lactobacillus
fa18371d7062793ea19a315790b69117,d__Bacteria, p__Firmicutes, c__Clostridia, o__Peptostreptococcales-Tissierellales, f__Peptostreptococcaceae, g__Peptoclostridium, s__uncultured_bacterium
fa56c0d5b7183160f19ad598b8c108e2,d__Bacteria, p__Bacteroidota, c__Bacteroidia, o__Bacteroidales, f__Muribaculaceae, g__Muribaculaceae, s__uncultured_Bacteroidales
faf31accab2461c7365cff2f5b58408e,d__Bacteria, p__Firmicutes, c__Clostridia, o__Lachnospirales, f__Lachnospiraceae
fb07aa62419f07119874d68515a83da1,d__Bacteria, p__Firmicutes, c__Clostridia, o__Clostridia_UCG-014, f__Clostridia_UCG-014, g__Clostridia_UCG-014, s__uncultured_bacterium
fb2395b2587180bb262f26c5bb10a5c2,d__Bacteria, p__Firmicutes, c__Clostridia, o__Lachnospirales, f__Lachnospiraceae, g__Lachnospiraceae_NK4A136_group, s__uncultured_bacterium
fc7bca7e6ec63b7d0a2f9cd2f566a854,d__Bacteria, p__Proteobacteria, c__Gammaproteobacteria, o__Burkholderiales, f__Sutterellaceae, g__Parasutterella, s__uncultured_bacterium
fd3f0ad2379a32c7bf86a3133e5b1879,d__Bacteria, p__Firmicutes, c__Clostridia, o__Oscillospirales, f__Oscillospiraceae, g__Oscillibacter
fde66059cf3ed856e815c98d66b562b6,d__Bacteria, p__Firmicutes, c__Clostridia, o__Clostridia_vadinBB60_group, f__Clostridia_vadinBB60_group, g__Clostridia_vadinBB60_group
fe033ae5b9559770d1b4b40cfc3f41c0,d__Bacteria, p__Firmicutes, c__Clostridia, o__Lachnospirales, f__Lachnospiraceae, g__[Eubacterium]_xylanophilum_group, s__uncultured_bacterium
fe119f8087ac2c3ec65a74b29d92c2a5,d__Bacteria, p__Firmicutes, c__Clostridia, o__Lachnospirales, f__Lachnospiraceae, g__Roseburia, s__uncultured_bacterium
fe3932c155e9d06370740434d53dd491,d__Bacteria, p__Firmicutes, c__Clostridia, o__Lachnospirales, f__Lachnospiraceae
fe5f196fca47cf421dcaf2106ff627bc,d__Bacteria, p__Firmicutes, c__Clostridia, o__Clostridia_UCG-014, f__Clostridia_UCG-014, g__Clostridia_UCG-014
fe84fcb1126e45b77237b6cab44283fa,d__Bacteria, p__Firmicutes, c__Clostridia, o__Clostridia_UCG-014, f__Clostridia_UCG-014, g__Clostridia_UCG-014, s__unidentified
fecf5a38dc9e203a485cfef20640d579,d__Bacteria, p__Firmicutes, c__Clostridia, o__Lachnospirales, f__Lachnospiraceae
ff4764132b8938ee8ba5cf5cd156be12,d__Bacteria, p__Firmicutes, c__Clostridia, o__Lachnospirales, f__Lachnospiraceae
ff651bd7b0bf6148e158f353fc40b47d,d__Bacteria, p__Firmicutes, c__Clostridia, o__Oscillospirales, f__Oscillospiraceae, g__uncultured
ff74de69263e439518e4316d6d97440d,d__Bacteria, p__Firmicutes, c__Clostridia, o__Clostridia_UCG-014, f__Clostridia_UCG-014, g__Clostridia_UCG-014, s__unidentified
ffa86e7079d7cb07f856b11c71beb5c2,d__Bacteria, p__Firmicutes, c__Bacilli, o__Lactobacillales, f__Lactobacillaceae, g__Lactobacillus
ffb64c1000d6bddd49e4d839ef69059c,d__Bacteria, p__Firmicutes, c__Clostridia, o__Oscillospirales, f__Oscillospiraceae, g__Oscillibacter
ffc36e27c82042664a16bcd4d380b286,d__Bacteria, p__Proteobacteria, c__Gammaproteobacteria, o__Enterobacterales, f__Enterobacteriaceae, g__Escherichia-Shigella
